 cfe,fc0d, 2fe,f401,  f7,1007,fcfa,fc02,faf6, 701,fc0c, 300,f700, bfb, c07, 101
f6ff,f6f5, 909, 10f,fd03,fbf3, 5f2, 903, 505,f8fd,f5f9, efe,fbfa,fe05, 5f6,fe04
fa0d, 8fe,f3fc, 608, bff,fafb,fd03, 3f7,f803,fff7,  fd,fb04, 70c,faf8,f802, 503
 bf9,fb08, 2f8, 3f7,fd03, 80b, 2fa,f8fd,f8ff, b06,f601,fd02,fdf8, 5f8,ff0a, 5fd
fdfc,f901, b03,f803, 4fa,   5, 404, 103,fbfc, 608, a02,ff05,f8ff, 1f8, 304, 203
fbff,fb05, 9fc,fbfd, 209, 6f9,fcfd,fd06, 9f6,f9fe,fd07, 7fd,fbff,fd08, 1fe, 60c
fc04, 7fc,f5f6, 905, 50a,fbff,f509,fdf2, 70c,fb00, 8fa,f9f5,f1fe, 8f1,fa02, d0a
fa04,f4f2, 207, bfb, 30f,f7fe, 2f7,fdfe, a08, b04,fafc,fd02, a01,f5fe,fa0c, 3f8
fd00,ff0d, 8f6,fafe,fd01, c02,f6fe, bf5,fb04,fc06, 508,f7f4, 60d, 4fc, 9fd,f508
 7fb,f904,fb04, 409,f6f6, bfe,fe01,fb08, 7f7,faf6, 10a, 7fe,f7fa,f90e, 5ff, 101
fe06, 7f7,f3f2,  f6, 304, 808,ee0b,f4f6, 501, c03, c0a,f6f9, 2f8, 400, 606, 607
 608,  fb,f200, 3fa, a05,fe09, 405,f7ef, 5ff, 503,  fb,f7ff, 3fc,fd0c, 3f6,fffd
fef5, a0c,f4fb,fa01,f402, bfb, 109, 2f9,  fd,fcfa,f80b, c01,fefc, 9fa,fa01, 2f8
fb09,fdfa,fc06,fefa, 904,fcfd, 6fd,fa00, 106, 3f2,   7, 2f5, 807,f101, 905,f608
 502,ff08, 2f4, 106, 5f6, d06,f802, 306,fbff,f8fa, 906, 9f9,fd01,f8fc, 7fa,f809
 108,f900,fefc,feff,fe04, 7fe,fef5,fefd,ff09,fdfd, 604,   a,ff00,   1,   0,   0
ffff, 100,   0, 100, 101,ffff,ff00,  ff,   1,ff00,  ff, 1ff,ffff, 101, 1ff, 100
 100,ff00,   0, 100,ff00,   0,ff01, 100,ffff,ff01, 1ff,   0,   0,   0,   0,   1
 1ff, 100,ff00,   1,   1,ffff, 101,  ff,   0,  ff, 1ff,ffff,ff01, 1ff,   1,ff00
 1ff, 1ff,  ff,   0, 100,ffff, 1ff,ff00,  ff, 1ff, 1ff,   1, 100,ffff,ff00,  ff
ffff,ff00,   0, 101,ffff,ffff,   0,   1,   1,   0,  ff,ffff,ff01, 405,  ff, 106
fc01,  fd, 100, 8fd,ff01,f7fc, 201,fffd,   0,ff00, 4fd,   0,faff,  fb, 2ff, 504
   4,ff00,fffd,   0,ff01,  ff,   0, 303, 1ff,   2,   0, 100,fa03,   0, 1fe,fb00
fdfc, 402, 7fd,ff02, 403, 2ff, 3ff,fd02,  f9, 1fe,fffe,ff00,faff,fffd, 7ff,fc03
fffc,  fe, 2fe, 500, 100,fa01, 200, 2ff,fe02, 1fe, 101,  fe, 203,fb02,fefd,fdfb
 3fe, 104, 401,fc00,fefb, 3ff,ff02,ff00, 205, 100, 100,fffe,fc03,fdff, 200, 5ff
fb06, 502,feff, 101, 1f7,ff02, 602,fef9, 503,fe07,   4, 1fc,ffff,fefa,f706,  f6
 101, 200,fdff,fd01,   3,fefc,fcfa,   7, 701,fd00,fb01,fd00, 1fd, 301,fe04,fef7
f600, 2fd, 1fe, 602,fc05, 40a,  ff,fe01, 105, 6fd,fcf5, 503,fefe, 6fc,f7f8,feff
 2fd, 206, 201,faf4,   2,f400, 700, 2fb,fe03,   0, 105, 7fd,fe06, 200,f9fe, 4fd
f8fd,fc06,fdfc, 604, 7fa,ff08,fdfc, 8fe,f905, 90a, 2fa, 300,  fd,f806, 5f5,fb00
f9fe,fdf6,fcff, 800,fbfa,f2fe, 3fb, 4fc, 1fc,  fe, 300, 1ff,fe02, 700,ff02, 301
fa01, 500,fb05,fffe,fe00,  fd,fcfd,   1, 6ff, 106,fffd,   2,   3, 100, 302,  fb
fb01, 101,fffe, 4fe,fb00, 100,  fe, 403,fe08, 600,fc03,fbfc,   0, 1ff, 200, 1ff
fd03, 400,   2,ff00,   1,   4, 102,fcfe, 101,  ff,fdfe,f9fc,ff00, 2fe, 603, 401
ff00,ffff, 1fa, 602,fdff,fe03,fdf9,fbff,fff8, 200, 501, 409,fd02,ff02, 4fe,ff00
f908, 8fa,ff00, 304, 2fd, 2fb, 5ff,ff00,fcff,  fd,   1,   2,fefe,ff02, 701,f803
fefd, 1fe,ffff, 503, 1fb, 303, 100, 500,  fe, 200, 1fe,fd02, 5f7,fcfc,fc00,fffe
 503,fdfc,feff,fcff, 5fd,f9fa, 506,ff05,f906, 1ff, 2f5, 303,   2, 6fc,f802,   8
fb04,fbfb,fe00,fb08,fdfe, 302, 2fc, 701,  fa,f704, 2fd,fb02, 2ff,fdfe,fe02,ff05
 401,fff8,  fe, 600,  ff,fb01, 101,   1, 1fb,fcfd, 309,fcff, 104, 1fe,fbf9,   0
 202,fbff,   2, 200, 101,   0, 201, 403, 1ff,fefe,fc02, 301, 2fe,fcfd,   1, 1fc
fdfd, 203,ff01,fffe, 1ff, 102, 100, 101, 100,ff02,   2, 3ff,f901,feff,fff6,fefc
   2,fd00, 204, 101,   0,fefb,fefd, 3fe,f4fa,fefb,   4,fffb, 3fa,fcff,  ff, 6fd
ff02,fe01,fffd, 2fb,f7fb, 1fd,fb03, 1ff, 502, 8fd,fcfe, 200, 1fd,fbff,fdfe,fffd
  fb,fd00, 203, 500,fefe, 1fe,ff00, 100, 101, 101, 100,   0,fc00,ff02,   2, 501
 3fe,ff05,   4,fefe,fd05, 300, 102,fff4,ff02, 208,fd02, 206, 301,fb09, 201,fdfe
 202,  fe,fefb,fcfe,f900,   1, 7ff, 1fd, 1fd,   0,fcfd, 203, 1ff, 2ff,fc00, 103
 3fe,fe00, 4fe,f9fc, 2fc,  ff,fb04, 2fd, 205, 6ff,fd04,fe05, 205, 2fe,fd01, 402
fe01,faf9,fa06, 1fa, 406, 200, 2fe,fefc,f901,fd03, 6fe,fe05, 7fe,ff02, 401,fe01
 305,  ff, 202,fef7,fe07, 2fb,faff, 302,fc00, 509,   4, 1fd,fe07, 4fa, 103, 7ff
fa01, 2fe,fcfc, 400,f3fd, 7fb,fefc,fb02, 102,fc01,ff02, 3fd, 2fc,fe05, 5fb,   1
fe00,fffd, 405, 5ff, 201,   5,  f9,ff01,ffff, 403,  ff,   4,fffe,   2,fd02,ff04
 1fa,fc01, 1fb, 1ff, 405, 3fd, 1ff, 105,f8ff,  fa, 5f9,   0, 2f9, 6fb,fcff, 305
fcf9, 303,fe04, a04,fcff,ff05,   0, 603,fa03,fc01, 5ff,fa04,  ff, 1fe,fd00,f7f6
f904, 1ff,faff, aff,fc08, 404, 301,fd03,fffb,fe03, 1fd,  fe,f906, 4fb,  fb,ff00
ffff, 600, 2fe, 204, 2fc, 4fd,fdfe, 3fe,ff02,   7, 204,fa01,   0,fe02,   1,   0
 4fd,fe02, 404, 4ff, 202,fe03,  fd, 200,ff03,fe03, 3fc,fe00, 404, 201, 302, 101
 203, 200, 204,   4,  fe,fe00,   2, 201,f8ff,f7fa,fffc,  fe, 402,fbfc,f1fd,fcfd
fff9, 102,fd02, 4fb,fcfc,ffff, 1ff,fdfe, 5fe, 102,   2,   3, 404, 301,   1,fffd
fc02,fe00, 704, 501, 402, 402,f902,fff9,   3, 102, 1ff,fffd,fd02,fcfd, 100, 5fc
 809, 304,fc01,fefe,fcf8, 1fe,fc02,ff00, 3fe,f9fe,   0, 60a, 3fd, 200, 105,fefd
fffa, 3fc, 301, 1ff,f3fb, 3ff,ff05, 502, 202,fe00, 201,ffff,ff03, 203,fdff,  ff
ff03,ffff,fdff, 405,fefb,  fe, 206, 600, 203, 406,   0, 2fe,fefb,ff00, 6fc,fff1
 405, 304, 200,fc03,  fd, 109,fffd,fcfd,eef3,fcff, 306, 1fa, 8fe,   7,ff00, 404
 200,ff00,fcfd,fd00,fffd,f704, 3fa, 202, 307, 405,fafb,fd02, 3ff,ff02, 4fe,fd00
fffa,fe03, 4ff,fefa, 2ff, 100,fafe,fefe, 8fd,f802,fc01,fb02,ff00, 600,fdfc,f701
 201, 2fa, 400,fffc, 2fa,f000, 2fe, 100, 1ff,fbfd, 305,   1, 303, 302,fb05,  ff
fcfe,fb02, 201, 201, 202, 500, 308, 100, 7fb,fcfc,ffff,fefd,fd10, 9f9,  fe,fffc
 402,fffd, 7ff, 404,ff05,fdff,fc02,fbff,fefb,fbfc, 404,fcfe,   6, 104,fdfa,fbfd
 200,fdfc,ff02, 101,   1, 6fe,ff02,   2,fe00,fe02,fefd, 2fc,fe09, 5ff,fa00, 7fd
 204, 6fb,fffe, 506,  fb, 100, 3fa,  ff, afd,ff01, 100, 104,  ff, 405, 1fd, 2ff
 105,fc00, 301,fcfb, 506,fe01,fcf9,fe00,ff05,   1,fd04,f9fd, 307,fffd,   3,fffd
 2ff,ff02,   2, 4fd,   0, 202,fe01, 303, 1fc,fa04,  fc, 4fe,fe04,fd02,  ff,fffd
 1ff,f9fc,ff03, 3fc, 603,f702,fffb, 2f6, 603,f9fb, 203,fc05,ff03, 3f9,fafd,fafc
 301,fcf9, 602,ff00, 102, 300,f700, 1fc,fcfe, 30b,feff,fffb,ff07, 700, 302, 502
fb05, 1ff,  fc,fd03,fcfe, 506, 100,fe00,   5, 405,fff7,fdfe,ff00,f8fa,ecfa,  f9
 401, 201, 102, 207,ff00, 1ff, 203, 5fc,   0,  ff,ffff, 703,fcfd,f9ff,ff02,fefa
 2fd, 2fb,ff07,  fb,   0,ff02, 1ff,fdfb,ff03,fafa,ffff,fe00, 2fa, 706,fd01,ff00
ffff,   4,fe06,fa08, 402, 307,ff01,  fc, 3fe, 5fd, 102, cfc, 1ff,fe00,fbfe,f9fe
faf8,fc04,fe06, 102,fe06,  ff,ff01, 400, 101, 1ff,fafe, 103, 703,   2,ffff, 3f9
fe00, 2ff,fffe,   5, 100,fb01,fc03,fd02, 200, 404, 5ff,fbfa,ff02,fe00,  fe,   1
 501,ff00, 601, 500,fefd,fcfe,fd05, 602, 2fd,fe02,   1,fe02, 6fe,fefd, 2fe,feff
  fe,   0,  ff,feff, 1ff,fb00, 1fe,fcfe,fa02, 4fc,  fd, 307,ff03, 306, 7fd,f9f5
ff01,fdfe, 108, 504, 101,  fa,  fa,fc01, a05,fe03,ffff,fe04, 302,   2,fffa,f801
   3, 2ff, 202, 4ff,ffff,f804,fdf6,  fd,fcf9,fc02, 40a, 301, 5fb,fe04,fd02, 4fa
 102, 509, 6fe,fcf6,fb02,fd03,ff00, 600,   3,fd01,fc02,fdfd, 400, 6fd,fe01, 208
 5f7,fa07,ff00,faff, 3f6,fdfa, 504,fd03, 406, 100, 1fb, 4ff,  fd,fe03, 202, 3ff
 100, 405, 1ff, 101, 1fc,   4, 100,ff00,feff,fd00, 503, 5fc,fd02,feff,fd04,fff9
 2f9,  ff,  ff,fb00,fc01, 3fc, 407,fffc,   0,fd00, 108, 700,fdfd,   4, 4fd, 302
 4fb,f504, 704,  f9, 500,fcfe,fbfd,fe01,fe01, 1fb,fd03,fc01,ff04, 300,  fc,ffff
fe02, 105,fb00,fefc, 3fc, 400,f906, 200,   1, 500, 202,fffb, 204,fffc, 600, 1fd
  fe,f4fb,fef8, 7fc, 2fe, 202, 605, 2fc, 100,fcff,ff00,fd09, 1ff,f9fd,ff04,fefa
 205,ff03,fd03,fe00, 1ff, 1fe,fdff,feff, 200, 2fe, 102,ff03,fcfc,ff03, 4fe,f9fe
 108,fcf0, 200,fefd, 207, b00, 4ff,fc03, 904, 1fc, 104,fcfe, 802,fc06,ff05,fb07
fb05,f906,f7fa,fbe9,fbff,ff08, 300,ff01,fffc,fe02,fd04,fc01,fe02, 402,fb03, 1fa
fc00, 602, 205,   0, 208,fffe,fbfe, 200,feff, 6fd, 7fe,feff, 4fa,fe00,   2, 200
ff02, 808, 504, 101,fefc,ff03,fff9,fefa, 201,fe02,fbf5,f9ff,  fd, 207,fdfc,fb00
 30b,fefd, 301, 4ff,feff, 202,fefe,fcfe,fa00, 1fd, 3fc, 1fe,fc00,fd04,  f9,fd02
fffc,fcff, 602,ff02, 104,f6fd,f706, 1fc, 702,   8, 5fb,fbf3, 1ff, 3ff,fdf6,f700
 3fb, 206, 305, 104,   9,fc02,f9fb,fefa, 2ff, 403,  ff,ff00,   2,f803, 2ff,fc02
 100, 4ff,   1,ff00,   4, 103, 1fd,fe03, 400, 808,fb02,fef8, 203,  fc, 1fd, 504
 603,fe03, 100,feff, 202,fafe,fff9,ffff, 1fe, 905, 807, 204,f202,fef7,  f7, 100
fdff, 203,ff01,  ff, 401, 1fd,   0,fa00, 1fa,   3,fd01,fffd, 4fd,fd01,fafe,fcfe
f9fe, 2fc, 400, 506, 907, 405, 1fd,f9ff,ff01, 503,ff0e,fe00,fbf9,fcfa,  ff, 1fe
fc01,fdff, 1fd,fc01,fc00,fa02,faff,fff9, 2ff, 604, 202, 206, 305,fd04,fdf5,f9fd
fefe, 1fd, 701, 505, 201,fdf7,   2, 708, 206, 402,   6,fafd,fefb,fdff, 300, 40f
130e, 1ff, 3ff,fdff,   7, 405,120b,   0,   0,   0,   0,   0,   0,   0,   0,   0
   0,   0,   0,   0,   0,   0,   0,   0,   0,   0,   0,   0,   0,   0,   0,   0
   0,   0,   0,   0,   0,   0,   0,   0,   0,   0,   0,   0,   0,   0,   0,   0
   0,   0,   0,   0,   0,   0,   0,   0,   0,   0,   0,   0,   0,   0,   0,   0
   0,   0,   0,   0,   0,   0,   0,   0,   0,   0,   0,   0,   0,   0,   0,   0
   0,   0,   0,   0,   0,   0,   0,   0,   0,   0,   0,   0,   0,   0,   0,   0
   0,   0,   0,   0,   0,   0,   0,   0,   0,   0,   0,   0,   0,   0,   0,   0
   0,   0,   0,   0,   0,   0,   0,   0,   0,   0,   0,   0,   0,   0,   0,   0
   0,   0,   0,   0,   0,   0,   0,   0,   0,   0,   0,   0,   0,   0,   0,   0
   0,   0,   0,   0,   0,   0,   0,   0,   0,   0,   0,   0,   0,   0,   0,   0
   0,   0,   0,   0,   0,   0,   0,   0,   0,   0,   0,   0,   0,   0,   0,   0
   0,   0,   0,   0,   0,   0,   0,   0,   0,   0,   0,   0,   0,   0,   0,   0
   0,   0,   0,   0,   0,   0,   0,   0,   0,   0,   0,   0,   0,   0,   0,   0
   0,   0,   0,   0,   0,   0,   0,   0,   0,   0,   0,   0,   0,   0,   0,   0
   0,   0,   0,   0,   0,   0,   0,   0,   0,   0,   0,   0,   0,   0,   0,   0
   0,   0,   0,   0,   0,   0,   0,   0,   0,   0,   0,   0,   0,   0,   0,   0
   0,   0,   0,   0,   0,   0,   0,   0,   0,   0,   0,   0,   0,   0,   0, 805
 803, 608,fdfe, 904, 706, 808, 102, 602,fc03, 2fc,fefe, 403, 401, 403,fefe, 705
 907, c08, 1fe,fc04,fa01, 2f9,  fe, e12, e0f, b0a, 809,1717,1917,1819,1514, 907
 b00,   a,feff, b07, a00,   9, 101,  fe,fb00,  fd,fefd, 102, 700,   6,fefd, 203
 e00,   8, 1fd,fbfe,fa00,  f5, 1ff,1418,1200,  10, d0c,1f1e,2200,  23,1d1c,   0
   0,  ff, 100,ff01,ff01,fefa,feff,fdff, 200,fd00, 103, 300, 2fd,ff03,ff01, 201
ff00,ff02,ff02,fffe, 3ff, 5ff, 606,fe05, 400, 1ff, 404, 101,   0,fa00, 100,fcfd
fffa,fffb,fc00, 101, 2fe, 300,  ff,fe00,fe00,fffe,fe00,fd00, 5fe,  fd,  fd, 1ff
 2fd,fd02,  fe, 2fe,ff01,fe01, 402,fc03, 501, 1fc, 303,f804,ff01, 2fe,  fc,fffe
fd00, 1fd,fefd, 3ff,ff07, 501, 401,ff01,   0, 203,   1,fdfe, 5ff,fdfc,  fd,fffe
 101, 100, 1ff,ff01, 101,fe00, 200, 1fc,   4,fd02,feff,fc04, 2fe, 300, 3fc,fb05
 205, 2fe, 1fd,fd01,   6,ff01,   1, 4ff,   6,fffd,fefd, 4fb,f8fe,  f8,fe03, 400
fdfc, 402,   2, 2fd, 2fd,fffd,fefd,fffd,   0,fffa,fcff,f9fe,fc00, 2f8,fbff,  fc
fffe,fcff,fcfa,fcfd,fdff, 1fe, 3fc, 2fc,  ff,fd05, 502, 3fe,fb06,ff01, 1fd,fbfc
 204, 1fb,   0, 200,   2,fe00,fe02,fffc,f9fd, 302, 1f9, 201, 500,fd02,  fb,fe01
fe06, 900,ff00,ff01,ff00,   0,fc00, 101,fcfb,fa00, 1fc, 3fc,fa01,ff01,f803,fcfe
 3fa,  fc,fe02,fcfe, 305,ffff,ff04, 100,fe06, 100,f901, 6fe, 104,fb03,fbfc, 1fe
 2fa,fb01,fffb,ff05, 1fd, 205, 1ff,fb00,fef9, 102,ff00,fbfc,fffe,fcfd,fe00, 603
 1ff, 101,fcfe,fe01, 1fd,f9fe,feff,fbfc,fdfa, 202,   3, 304,   5,ff01,fffe, 4fe
   6, 304,fdfd, 6fe,fcf5,fb01, 3fb, 1fe, 204,   3,fe02, 201,fdfd,f8fb, aff, 60c
 202,f9fd,faf7, 101,  ff,ff01,  ff,   0, 303,ffff, 2ff,fefc, 201, 4ff,fa00,f904
 3fd,ff00,fe01,fe02,fffc,feff,ff02,fffe,   3, 2ff,ffff, 101, 2fe, 103, 100, 200
  fe,f8fe, 2fc, 201,fefe,   0,ff01,fffc,fd00,fbfc, 701, 1ff,fef9, 1ff, 2ff,fe03
fbfe, 1fe, 1fe,ff01,  ff,fbfc, 2fb, 203,ff06, 504, 202, 301,f900, 1fd,fdff,  ff
fffc, 205, 3fc,fcff, 205,   1,  fa,feff,ff00,  fd, 6ff,fef9,   3, 702,feff, 1ff
 601, 400, 103,fbfc, 100,ffff,   0, 1ff,feff,fdfa, 1fc, 100, 1fe,fd05,fbf9,fdff
 601,fffe,   1,   4,fdff,f8f7, 401,ff01,  ff,   1,ffff, 606, 204,ff00,   0,fa02
ffff,fcfc,ff02,fdfe, 300, 1ff, 201,fafb,  fc, 200,fc00, 203,fdfe,  fe,   2,fdfd
 1ff,   1,fe02,fbfc,fe00, 1ff,f6f9,fdff,f9fa, 801, 400, 1ff, 100,fc01, 200, 509
 2fd,ffff,f8fe,ffff,fd04,fcff,   8, 3fb, 205,   1, 201,fcf9,f9fc, 4ff,fd00, 604
 102, 2f3, 2fb,fe01, 405, 100,ffff,ff00,  ff, 101,ff01,fa02, 1fe, 101, 2fd, 400
fc01,   0, 100, 600, 4fc,   2,fe01,fd08,fafe, 503, 306, 6fc, 1fe,   0, 402,ffff
fffe,fb00, 1ff,fdfd,   4, 102,  fe, 103,fcfe,feff,fffd,fa00,fb00,   2,fb01,fcfd
 203,fd02,  fa,fc00, 1fc, 300,fdff, 3fd,fc01,ff03, 3fd, 2f4,   7,fa09,fa02,ff00
fe05,fd01,   0, 100, 2fe, 100,  fe,   0, 2fc,fb01,f8fe,fc02, 102, 6fc, 202,ff00
fcf7,ff04, 6fd, 6fe, 3fe,  ff, 100,   1,ffff,   1,ffff,fffe,fdfe, 3ff, 2ff,ff01
 1fd,  fe,fcff,fd04,fffd,fd01,   0, 3ff,ff03, 204, 101,  fd, 304,  fa,fc02, 1ff
 4fe,  ff,fe01, 100, 2fd,   2,fffd,f902, 300,fdfd,fdff, 1ff,fd02,  fe,fdfe,   2
fefe, 100,fffd,fc00, 3ff, 300,f8fe,fe01,ffff,fe02,fefe, 100, 200,f9ff, 1fc,ff00
   3, 301,fc03,ff00, 402,fdff, 103,ff01,   0,fffe, 101, 3fc,fd04, 101,f3ff, 1ff
 1fa,f802,fa05, 201, 900, 101,ff00,   0,ff01,ff00,   1,   0,ff00,  ff,ffff, 701
fc02,  f5,fdfa,fcff, 402,fcfe,fd02,ff03,fafd, 300,   9, 303, 202, 2f9, 4ff, 9fd
 100, 308,fcfe,  fc,fcfb,fffe,fe01, 3fe, 1fe,fe06,fc05, 5ff,fffd,fdff,fdfb,fffe
 400, 200,ff01,f7fc,fbff,fe06, 1fe,   1,  fa,fe04,fc00, 2fd,faf5, 401, 1fd, 400
fe03, 5ff,fe00, 106, 3fb,fb00, 203,  fe,   0, 1fe,fdfa, 3fc,  ff,  fc,   8,fc03
fc01, 402, 5fb,fcfa,feff, 1fd,   0, 9ff, 101,ffff,ffff, 101,ff01,   0,fc00, 101
 304,ff01,ff01, 1fd,f900, 100, 2ff,   7,  fd,fb01,fa04, 605, 3f7,f506, 101, 501
fd00, 401, 4fd,fffc,   1,fdfe,   0,   0, 203,fb01,fd01, 102,  f9,f701, 501,  fb
   3,  fe,fcfd, 100,fdfc,ff02, 401,   3,fe01,fdfe, 102,fb02, 3fd, 1fb, 200, 401
 103,   5,fdfe, 1ff, 202,f9ff, 1ff,feff,ff03, 1ff,ffff,fc00, 1fc, 200, 300, 202
  fd,fb04,ffff,ff03, 1fc,   1, 201, 200,   0,ff00,ff00,ff01,   1, 4ff,  fd,fdff
fe00, 100,   2, 100,fc02,fffc,ff00,fffb,  ff, 4fe,ff01, 203, 101, afd, 2fe,ff07
feff, 2ff, 1fe,ff00,f602,fe02, 300, 2fd,fffc,f7fc,fefe, 101, 4fe,fafe, 1fa,   4
 203,f6fa, 8fd,fb00,  fb, 1f7,f8ff,fbfd, 3fb,fb02,fe00, 502, 201,fafb, 2fe,f4fe
ff00,fd00,ff02, 304,fffc, 7ff, 301,fbf9,ff00,fcfa,fd04,   5,fefe, 307, 200,fe00
fcfb,fb00, 4fd,f6fc,f903,   7,fc03,ff00,fdfc, 105, 101, 101,ff00,   0, 301,   1
fffe,fffe,  ff,   4, 302, 101, 1ff, 103,   1, 1ff,ff02,fefd, 902,fafd, 104,f901
   9,   2,fcfb,   1, 2fe,fe02, 1fe,fe00,fd02, 502,fef7,fd04, 6ff,fffc,fcfb,fefd
fffb, 2fd,feff, 4ff,fefd,fcfe,fefb, 2fc, 2fd, 5f9,fa03,fefe,fe03,ffff,ff01,  ff
  ff,ff00,ff02,fdff,  fe, 2fb,ff00,fb04,fdfe, 200,fd01, 103, 5fd,   1,fc03, 101
 5ff, 305,fd00, 501,fdfd,fd02, 300,feff, 203, 3fd,fe00,  ff,   0,   0,   1, 1ff
fffd,fffc,fc01,ff00,ff01,  fc, 2fa, 6f5, 104,fffc,fffe,   5,  fd, 102,fd04,ff01
   2,ff02, 305, 5ff, 1fb,  fe, 1ff,fe02, 1fd, 102, 1fb, 2fc, 7fe, 107,fcfe,fefd
fdfd,  fb,ff01, 201,ff01,fefc,fbff,fefb,  fb,f900,fffe, 304, 1ff,fb02,f903,   1
fffd, 101, 405, 2fa, 3ff,fa00, 8fe, 505,fdf7, 1f8,faff,fb02,fe00,   6,fffd,fdfa
 104,ffff, 106,fe04,fefb,   4, 2fc, 3fc,fef8,f4fe, 205, 10a,ffff,  ff, 100, 1ff
   1,ff00,ff00,   0,ff00,  ff,ffff,ff00, 100,ffff,ff00,   0, 1ff, 100,fffe,  ff
ff00,ffff, 1ff, 100, 100,ff00,  ff, 1ff,ff00, 100, 100, 101,ff00, 101, 101,   1
  ff,   1,  ff, 101,   1,ff00,   0,ff00,   0, 1ff,   0,   0,ff00,  ff,  ff,ff00
  ff,ffff,ff00,ff00,   1,   1, 1ff,  ff,   0,   0,ffff,  ff,ff00,ff00,ffff,   1
  ff,ffff,ffff,ff00, 1ff,ff00,  ff,ff01, 1fe,ff00, 100,   0,  ff,   0,  ff,   1
ff00, 300,fefc,f7fa,fbff, 100,fd09,f9fd,fe00, 308,fbfa,ff00, 604, 102, 106,ff03
   0, 1ff,ff03, 203, 100,ffff, 501, 404,ff03,f9fd, 2f9,  fa,f603, 1ff, 1fb, 204
 105,fdfd,fbfb,fefe,  ff,fd02, 204,   5,fdff,fefc,f7f9,fdff,fefe,  fd, 601,ff00
fb06,fdfa,  fb, 2fe,fc00, 301,   0, 301, 2fe, 203,  ff, 403,ff00,fe01, 4ff, 1fe
fbfc,feff,fff9,fd03, 303,fd03, 2fd,fffb,f9fd, 402,fe01,fe02,fbfc, 4f7,ff01,ff01
  ff, 101,fe00, 2fd,ff00,fefd,  ff,fe01,f9fd, 400, 4fd, 502,   0,fffb,fd01,  fa
 103, 1fc, 203,fd01, 105, 402,feff,   2, 202,fd05,fbfe,fdfd,  fd,fe03, 202,f1fd
 401,f506, 3ff,fefc,fffe,fc00,fffe,fb03,  fe, 1ff,fefc, 2fc,ffff,fff7, 304,fef8
fef8,fe02,feff, 300,   6,ff0a,  f9,   5,  fd, 3fd,fd01,fd06, 300,ff00, 2fd,f8fe
f8ff,fd03,fbf4,ff07,   2, 5ff, 204,fffc,   0, 201,fafe,   1, 200, 101,fe05,   0
   0,ff00,ff00,   1, 200,  ff, 3ff, 2ff, 201,fc00, 204,fb02, 3f9,fffd,fa03,  fe
  f9, 1fd,   0,ff02, 6ff, 504, 300,feff, 3ff, 401,fefd,fffc, 3ff,fefd,ff03, 100
fcff, 100, 401, 401,fefc,fcff,fe02,fefe, 3f8,fb01,fc00, 7fe,f5fc, 3fe, 305,ffff
fd00,fdfe, 100, 2fb,fbff,feff, 201, 302, 702, 300, 6fe,f806, 201,fefe, 103,fe03
 2ff,fefb,  ff,   0,fdff, 3fe,fffd,f404,fe02,  fc,fefe, 201,feff, 102,   2,fffe
   0, 1ff,   0,ff00,fd00, 1fd,fdff, 2fd,fa01, 3fc,fe02, 100,fa01, 1f6,   4,fe02
fffc,fffb,ff01, 200,fe04, 3fe,fc02,   0, 1fc, 2ff,   7,fe01, 2f8,fd06,faff,fffc
fbfa,fd03, 2f9, 605,fa00,fffb,f901,   3, 1ff,faf9,fe00, 1fd, 103, 303, 2fa, 106
fbfb,fefc, 2ff, 6fe,fdfb, 1fe, 200,   2, 402,fc01, 5fd,f8fa, 3fd, 106,ff00, 602
fefe,fdfd, 102,ff02,fd06,fe03, 3ff,fcf9,fffc,fc04, 2fc, 201,   1, 600,fe04, 201
fffb,ffff, 1ff,ffff,  ff,fb00,ffff,fffe,fd01,fdfe,ff00,fdfd, 4fc,fc01, 402,   2
fd03,ff02,ff00, 1f9,ff01,fc01, 501,  ff, 4ff,fffd,fb01, 504, 1f8,fe02,fafe,fe03
fc02,fffe, 3ff,ff03, 203,ff01,fefe, 3fc,ffff,fe00, 2fc,fefb,fe04,  fe,faf8,fffd
fffe, 401, 303, 1fc,fbfb,fefb, 1fd,ff05, 3ff,   0,   a,fefc,fffc,ffff,fdfd, 304
   1,  ff,ff05, 1fc, 200, 101, 504,fffe, 102,fc09, 1fe,  fe, 4f7,  fe,fe07,  ff
  fd, 202, 1ff,   0,ff00,ff00, 2ff,   0,fe01,   0,fffe,   0,fe01, 401,fd03, 5fe
fc02, 108,fffe,fe02,fcfe,fd02, 2fe, 601,  ff, 105,ffff, 1fb, 506,ff02,fd01,fbfe
fc00,fdff, 3ff,   0, 2fb,feff, 2fa,   1,fff7,fefa, 101,fbfb,f9fd,fd00,fb02,fcff
fefa,fa00, 203,fcfe, 200,fffa,fd05, 501, 601, 4ff,fc03,   a,fbff,   3,  fd,fb01
 404, 300, 300,fd02, 2fe,fe03,fefd,f7fc,fc02, 402, 302,feff,fc01,fe01, 4fb, 2fe
 3fd, 1fd,ff00,   1, 101,   0, 100, 3ff,fefd,fb00, 1fe, 2fd,ff06, bff,f801,fa05
fdfd,   0, 1fc, 100,ff01,feff,fe04,fffd,fe05, 106,   0, 2fe,fd02,  ff,fcf7, 402
ff00,fcff, 300,   5,fef9, 1ff,ffff,f7fd,f9fe, 401,  fe,fa03,fe02,fffc,fdff, 105
fcf8,fafd,fffa,  fc,fb02,fcfb, 2fe, 200,feff,fe02, 2ff, 204, 1fd,f6ff, 600, 300
feff, 1fb,f504,fd08, 2fe,f603, 2fc, 1fd, 302,f9fe, 1ff, 104, 3fe, 2fa,f907, 104
fe00,   3,fefb, 5fe,ff01,   1, 1ff, 100,fd00,fdff, 1fe,fd00,   4,fdfe,fef6,fc04
 902,   0, 1fe, 200, 2fd,fefa,ff01,   2,ff02,ff01, 7ff, 201,fdff,fcfc, 302,f8fd
fb03,fdfe, 803,fff9, 100,fcfe, 402,fcfd, 200,fffd,fc02,fffe,  fe, 5fb,f902,fdfb
fffb,fffe, 2fd,   5,ff00,fffd, 2fd,fbfd, 1fd, 1ff,   1, 3fa, 206,fe01, 108,f6fe
   5,fefc, 400, 2ff,   3,fd02,fcfe, 1f4,fcff, 500,   4, 402, 100,fc04, 202, 1fb
  fa, 500, 100, 204,fcfe,   0, 1ff,  ff,   0,   0,fdfe,fd01,  fd,fefd,   3, 4fd
 3ff,fffd, 2ff, 301, 104,   2,fffd,fa03, 5f9,fa02, 501,fff9, 3fe, 203, 402,fd05
fb05, 2fe, 2fa,fa00, 5fd, 5fa,fbfa, 201, 101,fafc,  fe,fefa,f903,fc00,fdf9, 502
 1ff,ff03,fc01,fcfd,fe00, 400,f9fd, 100,fd00, 3f4,fafb, 9fc, 500,   4,fe01, 1fe
  fa,ff04,fe02,fbfb,   2,f9f6,   2, 504,  fd,fefa,f9f9, 2fe, 202, 800, 200,  f9
 4fd,f800,fc07, 300,  fd, 602,  ff,   1,  ff,  ff,fc00, 403, 3fe, 1ff,fe02, 1fe
 104, 202, 104, 3fa,fb01,ffff, 1f9,fd03, 302, 3ff,fe03, 100, 300, 203,fefd, 1ff
ff02, 3fc, 103,fe03,fd03, 2fc,fafe,ff01,fffc,fffd,fcff,fcfe,fefa,ff03,  fe,  fd
f7fe,  fd,fdfe,   1, 2f9,fc00,fdff, 3fa,fbff, 1fe,fcfb, 205, 202, 3fe,fcfe,fcfe
 301,fd04,fdfe,fcfe,fb01, 200,fd02, 405,fd00, 1fc,ff07, 105,fffc,fdfb, 1fc,fb02
 500,fcfe, 207,fffe,ffff,fe07, 4ff,ff00, 1ff,ff01,ffff, 1ff, 100,fafc,fdff, 3fe
fc01,fd01, 2ff, 204, 104,fdff,fefd,   1,fffc,fd00,fffe,fefe,fd04, 203, 104, 1fc
 101,  fc, 100,fb04,fefc,ffff, 102, 200, 2ff, 201,fb02, 4fd,fd02, 502,fbfe, 200
   2, 6ff,  ff,fcfe,fafd,fffd, 2fd, 606,fd00, 2fc,f904, 3fb,fff7,fd03, 300, 202
fe01, 1fe,  ff, 5fb,fb03, 200,fe01,  ff,fffd, 101,fefe, 303,fff9, 4fe, 2fb, 202
 5fa,f801, 3fe,fd04,ffff,fcfe, 4fc, 403, afe, 101, 10b, 207, 7fd, 9fb, 8fe, 107
ff08,1101,   0, 40a,   0,   0,   0,   0,   0,   0,   0,   0,   0,   0,   0,   0
   0,   0,   0,   0,   0,   0,   0,   0,   0,   0,   0,   0,   0,   0,   0,   0
   0,   0,   0,   0,   0,   0,   0,   0,   0,   0,   0,   0,   0,   0,   0,   0
   0,   0,   0,   0,   0,   0,   0,   0,   0,   0,   0,   0,   0,   0,   0,   0
   0,   0,   0,   0,   0,   0,   0,   0,   0,   0,   0,   0,   0,   0,   0,   0
   0,   0,   0,   0,   0,   0,   0,   0,   0,   0,   0,   0,   0,   0,   0,   0
 100, 100, 100, 1ff,   1,   1,   0,   0,ff00, 1ff, 301,ff02, 1ff,   1,  ff,ffff
   0,  ff,   0,   3,   0,ff01, 1fe,   0,   0,   0, 100,   0,   0,   1,ff01,   0
ff01,ffff, 100,  fe,   0, 100,ff00,ff00,fe01,  fe,   0,   2,  ff, 100, 100,  ff
   0,   1,ff00, 1fe,ff00,fffe,ff00,ff00, 100,ff01,ff00, 100,ff00, 1fe,   0,   0
ff01,  fe,   0,fdfd,   0, 100, 100,fe01,ff01,fdff,   1,feff,   1,ff00, 100, 100
 100, 200, 100,  ff, 101, 1ff,ff00, 2ff,   0, 1ff,   1,   1,ff01,   0,ff01,ff00
  ff,ff00,  fe,   0, 1ff,   1,ff00,   0,ff00,   0,   1,ff00,   0, 100,   0, 1ff
   0,ff00,   0,   1,  ff,  ff,ff00,ff00, 101, 100, 100,   0,   1, 100,  ff,ffff
feff,   0,ff00,ff00, 2ff,   2, 101,fe01, 201,   0, 100,ff00,ff00,   0,   0,   1
 100,   0,  ff,   1,  ff,  ff, 200,   0, 300,ff01,   0, 100,ff01,   3,ff00,ff00
ff01,   1, 101,ffff,fdfd,  ff,ff00,   1,   1,ff00,ff00, 100, 101, 102, 2fe,   2
   1,   1,ff00,  ff,ff00, 1fd,ff01, 201, 200,   0,  ff,   1,fe00,ff00,ff01,  ff
ff00,ffff,   1,   0,ff00, 1ff,ff00, 2fd,ff02,  ff,ff00,  fd,   1, 3fe,   1, 200
  fe, 1ff,  ff,  ff, 101,ffff,   0,   1,ffff, 1ff,  ff, 1ff,   1,   1,  ff, 100
ff00, 100,ff01,fe00,   1,fdff,   0, 1ff,  ff, 1ff,  ff,ff00,   1,feff,   0, 101
fffc, 300,   1,  ff,  ff,ff00,fefe,   0,ff01,ff00, 203,  ff, 104,ff00,ff01,   0
   0,ff00, 1ff,   1,   1,   0,ff01,ff02,   1,ff00, 100,  ff, 1ff,   0,  ff,   0
  ff,ff00, 201,   0,ff00,   0, 101,  ff,fe00, 1ff, 102,ff01,fe01,   1, 100,fffe
 200,   0,ff00,  ff,   0,ff01,ffff,   0,   1,   0,  ff,   0,   0,   1, 100, 100
 2ff,ff00, 400,   0,   0,ff01,ff01,   1, 2ff, 100, 200,ffff,   0,   1,ff00,   0
ff00,   0, 100,   0, 100,fffd, 2ff,ff00, 1ff, 100, 100, 200, 100,   1,ff00,   0
ff00,ff00,   0,   0,   0,   0,feff,   0,   0,   0,fe01,ff00,   0,ffff,  ff,   1
   0,   1,   1,feff,ff00,  ff, 101,feff,   0,feff,   0, 202,ff01, 301,ff01, 202
ff00,feff, 101,   0,ff00, 1ff,  ff,  fe,   0,fe00,   0,   1,fe01,  ff,ff00, 500
 100, 300,   1,  ff,   1,fc00,  ff,fe01,  ff,fe00,ff01,ff00,  ff, 100, 100, 101
   1,   1,  ff, 200,ff01,ff00,   3,feff,   1,   0,ff00, 100,ff00, 200,   2,   0
   3, 100,ffff, 203,   0, 400, 2ff, 1fe,   0,ff00, 203,   0, 1ff,   0,ff01,ff01
ff01,   0,  ff,   0,   1,ff00, 2ff,ffff, 1ff, 100,   0, 101,fd00, 1ff,fd02,  ff
 1ff, 1fe,   2,   0, 103,ff01,   0,   1,   0,ffff, 302,   0,   2,  ff,fe02,ffff
ff00,  ff,   0, 1ff, 100,fffd,ff01,ff02,ffff,  ff, 400, 2ff, 101,   1,   1, 101
 1ff,  fe,   1,  fd,   0,fdfc, 4ff,  ff,   0,   1,fffe,ffff,   0,ffff,  ff, 100
 200, 102, 3ff,ff03,  ff,  fe,ff01,   1,ff00,   1,   0, 2ff,ff00, 103,ff00,   2
  ff,ffff,   0,   0,ff00, 1ff,ff00, 200,  ff, 4fe,   0, 3ff,   0, 1ff, 100,   0
ff00,   0, 100,   0,ff00,ff00,  ff, 1fe,  fe, 1fc,   1, 100,  fe,ff00,ff01,   0
 1ff,   1,fffd,ff00,   0, 101,  fe, 301,  ff, 100,  ff,   1, 100,ff00,  ff,ffff
  fd,ff00,fffc, 101, 1fe, 200,   0, 200,   1,   0, 101,ff00,   0, 400,ff02, 400
   2, 2ff,   0, 100,   1,ffff, 200,   0,   1,   0,   0,   1,  fe,   0,  ff, 201
 100, 100,ff00,  ff,   3, 1ff,   0, 2ff,ff02,  ff, 101,ff00,   2,   1,   2,   0
 2ff,   0,   2,  ff,   1,   0, 200, 1fe,   0,ff01,   1,   0,  ff,ff01,  ff,   0
fe00, 101,fbff,  ff,ff00, 101,   0, 100,   0,   1,  ff,ff00, 300,fe00, 100,ff00
ff00, 200,  ff,   0,   0, 100, 100,ff01,ffff,   0,fffe, 200,ff01, 100,   1, 200
 2ff, 2ff, 201,fefe, 100, 1ff, 200,   0,ffff, 100,fffe,   0,ff00,ff01,   1,   1
  ff, 1ff, 100, 7fe,ff01, 400,   1,ff00,ff00,fe02,  ff,ff00,   2,   1,   0, 200
fe01,ff00,   1,ffff,ff01,ff00,   0,   1,ff00, 100,   1,  ff, 100, 100,ff01,fe00
 101,ffff, 100, 101,ff01,fe00,  fe, 100,ffff, 101,   1, 200, 102, 101,   1,  fe
   1,ff01,ffff,   0, 100,   0,   0,ff00,  fe,fe01,  fe,ff01,  ff,  ff,ff00,  ff
ff01, 101, 101,   0,   0,   0,   1, 1ff,ffff,   1,ffff,ff00,   0,ff00,   1, 100
 200, 100, 200,   0, 101,  ff,  ff,   1,fefe,ff01,  ff, 1ff, 101,ff00, 1fe,   0
fffe,   0, 100,   1,ff00,   1,ff01, 1ff,ff01,   0,ff00,ff00,ff00,   1,ff00,   0
fe00, 100,   0,  ff, 100,  fe,   0,   0,ff00,   0, 101,   0,   0,  ff,   0,   1
   1,fe00, 100,   0,   0,  ff, 1ff,  fe,fc00,   2,fd00,   0, 100, 102,ff00, 201
   0,fe00, 2ff,   2, 100, 100, 1ff,  ff,ff00, 100,  ff,fffe,   1,  ff,fd00,   0
   0,fd00,   0, 1ff, 100,  fc, 100,   0,   0,ff01,fe00,fe01,ff00,ffff,ffff,ff00
ff00,   2,  ff, 1fe,ff01, 1ff, 1ff, 200,   0,ffff,  ff, 100, 1fe,   0,   0, 100
   2, 1fe,   1, 200, 100,   0,   1,fc00, 100,  ff,  ff,   0,   2,   0, 101,   0
   1,ffff,   1,ff00,   2,   0, 201,ffff,  fe, 100,fe01, 102,ff00, 101, 1fd, 3ff
 101,   1, 300,ff00, 200, 100,fe00,   2,fcff,   0,ffff,   0,ffff, 1ff,ff01,  ff
 1ff,fe02,fefb,   1,  ff,  ff,ff00,   0,ff01,   3,fcff,ff03,   0, 100,ff00,   0
   1,  ff, 101,   0,   1,   0,   0,ff00,ff00,   0,   1,   0, 101,ff01, 1ff,   2
 1ff,   3,   0,   2, 100, 1ff, 100,   0, 1ff,fffe,   1,  ff,   0,ff01,ffff,   1
fd02,   0, 100,ff01, 100,ff01, 100,fe01, 100,feff,  ff, 1ff,   1,fe02, 100,fc02
   0,fd02, 100, 201,  ff, 1ff,   1,  fe,   1,fefe,   0,fe00,   0, 200,  ff, 201
  ff,   0,   0,ffff,  ff, 102,ffff, 405,ffff,ff00, 100,ff00,fffe, 201, 102, 200
feff,   0, 100,   0, 101, 100,ffff, 101,ff00,   1,   1,ff00,   0, 200,ff00, 101
 1fe,   0,   1, 100, 100, 200,  ff,ff00,ffff,  ff,  ff, 1ff,   3, 101,   3,  ff
   1,fe01, 102,   1, 200,ff01, 201,  ff,   1,  ff, 306,ffff, 1ff, 1fe, 300,   1
ffff, 1ff,  fe, 200,fdff,ffff,   0,ff00, 1ff,  ff,ff00,   0,fd01,  ff,  ff, 101
 101,ffff,fffe,   0,fefe, 100,ff00,   2,   2,  ff, 100,   1,ff00,   1, 100,ff02
   0,   1,  ff,fffe,ff01,ff00,   0,  ff,   0,   0, 201, 104, 201,   6, 200,ff00
   0, 100, 100,  ff,   0,   1,   0,ff00, 100,ffff,fe00, 1ff,   1,fffd, 2ff,   1
ff01,ffff,   0, 1ff,ff00,   1,ffff,fffb, 1ff,ff01,   1, 100,   1, 3ff,   1,feff
   1,fe00,   1, 100, 100, 2ff,ff01,   0,   0,   1,ff00,   0,  ff, 100,   0,   0
 200,feff,  fe,ff00,  ff, 200, 200,ff00, 1ff,   0,   1,   0,   0, 200,   0, 200
   1,  ff,   1,ff00, 101,fe00, 1fe,ff00, 1fc, 100,   0,fd01,   0,ff01,   1, 200
   0,   0,ff00,ffff,fffe,ff00,ff01,   0,   0,   0, 100, 101,   1,   0,ffff, 100
 100, 1ff, 201,  ff,  ff,   0, 200, 100, 1ff,   0,ff00,   1,fd00,   0,   1,ffff
   1,ffff, 201,   0, 100,  ff,ffff,   1, 100,   0,  ff, 100,ff00,   0,fdff,   0
   0,   1,ff00,ff02, 100, 1fe, 100,  fe,ff00,ffff,fd00, 1ff, 100, 100,   1, 100
 100,  ff, 100,   0, 2ff,   0,   0,  fe,ff00,ff01,ff00,fffe, 100,   0,   0, 1fe
   0,   0,feff,   0, 101,   1,ff00, 100,ff00,  ff, 100, 100,ff01,fe01,   0,  fd
 2ff,ff06,   0, 102,   0, 100,ff00,ff00,  ff,ff00,   0, 100,  ff,ff01,   1,   1
   0,   5,   0,ff01, 101,   0,   0,   0,ff01,  ff,  ff, 100, 2ff, 200,ff02,  ff
 102,fd02,   1,ff01,  ff,ffff, 101,ffff, 1ff, 100,ff01, 100,  fe, 101,  ff, 101
ff03, 101, 101,ff00,ffff,   0,   0, 201,   0, 1ff,   2,  fe,   2,ff00, 1ff, 201
   0, 201,   2,   0, 1ff, 100, 1ff,   1,fe01,   0,fd01,   1,ff00,  ff,  ff,   1
ff03, 101,   1,ff00, 2ff, 101, 100, 102,   1, 1ff,fdfe,  ff,fd00,  ff,  ff,   0
  fc,ff01,   0,ff00, 101,   0, 201,   0, 502,ff01,fe00,   0, 300, 1ff,   1,   0
   0,   1, 3ff, 100, 401,   1,   0,feff,ff01, 1ff,  ff,fe01,fd01,   1,ff00,   4
   1, 103,   0,ffff, 100,   2,   0,fffe, 100, 100,   1,ff00, 100,fe02,fe01,   0
 100,   1,   0,   0,   0, 2ff,   0,ff02,ff01,  ff,   1, 102,  ff, 101,   0, 2ff
  ff,ff00,ff00,fdff, 100,fbff, 200,fd00,feff, 102,   0,   2,   0,ff00,ffff, 101
  ff,fe00,   0, 102,   1,fd01, 1ff, 2ff,   1,ff00,fe01,   1,ffff,   1,  fd,fd02
   1, 101, 101, 1ff, 100,   0, 200, 100,  fe, 201,ffff,ff00,ff00,   0,  ff, 301
 1ff,  ff,   1,fc01,   0,ffff,ff00,   1,  fe, 500, 200, 501,ff01,  ff, 1ff,ff00
fffe,  fe, 103,  fe,ff02,ffff,ff00,  ff, 1fe, 102,fefd, 103, 101,   0,ff00,ff02
 101,ffff, 104,  ff,ff00, 101, 100,fd00,   0,ff00,  ff,  fe,   1,ff01,   1, 100
fefe,   0, 201,ff01, 100, 1ff, 1fe, 2ff,ff00, 100,ff00,fd00, 101,  ff, 401,ffff
 100,ffff,   0,   0, 100, 1ff,fe00, 1ff,fe00, 1fd,fd01,   0,ff00,ff00,   0, 101
ff01, 100,   0,ff00,   0,  fe, 100,ff01, 3ff,ff01,   0, 100,ff00,ff01,fe01,   0
   1, 1ff,fe01,   1,   0, 103,  fe,  ff, 101, 100, 101,fcff, 101,ff00, 1ff,ffff
   2, 100, 101, 2ff,   0,ffff,   0,ff01,  ff,   1, 100,fe02, 2ff,  ff,ff00,fe01
   0,ff01,ff00,ff01, 102, 100,fffc,   1,   0, 100,   1,fbff, 1ff,   1,ffff, 101
   1,  ff,   0,   1,  ff,ffff,   0,ffff,   1, 101,  ff,fc00,  ff,ff00,ffff,ff01
   0,  fe,   0,ff00,   1, 100,  ff,ff01,feff,   0,   0,ff01, 101,fe01, 200,   1
   1,   0,   0,   0, 3ff,   0, 2ff, 101,  ff,   1,fe00,   0,fd00,  ff,   2,  ff
 200,   1,   0,  ff,   0,   0, 100,   0,   0,  ff,fffd,   0,fdfc, 101,  fe,fffe
   0,ffff, 300,   1,  ff, 101,  ff,   0, 300,   1,feff,   3,   1,ffff,  ff,   1
 100,  fe,  ff,  ff,  fe,   1,   0, 100,   1,   2,fe00,  fe,   1,   0, 100,ffff
ffff,  ff,fd00,ff00,   1,ffff,  ff,ffff,  ff,   1,ffff,ff00,ff00,   1,ff00,  fd
 100,ff01,ff00, 101,   0, 200,   0,fe01,   1,fe00,  ff,   0, 100,fd00,ff00, 2fb
   0, 1fe, 200,   0,   0, 100,   0, 2ff, 100,  ff,   0,ff00,  fe,  ff,   1, 100
ff03, 1ff,   1,   0,  ff,fe00,  ff,ff01,ff00, 100,  fe, 200, 103,ffff, 103, 3ff
fe00, 200,fdff,   1, 100, 100,  ff,ff00,   1, 101,  fe, 2ff, 100, 1ff,   5,fe02
   3,   1, 100, 100,   0, 100, 101,   1,ff01, 1ff, 100,  ff,ff04,ffff,   1,fe00
   2,  ff,fe00,ffff,   0, 1fd,   2, 100,   3, 100, 101, 100,ff04,   1,ff00,   0
  ff,  ff,fffe,ff01, 301, 3ff, 3ff,   0,  ff, 100, 1ff,   0,   0,  ff,  ff,ff00
   0,   1, 302, 1ff,ff00,   0,   1, 100,ff00, 100,  ff,   0,ff01, 101,ff01,   0
   1,ff00,   1,   1, 1ff,   0,   0,   0,ff00, 1fd, 200,  ff,ffff, 1ff,fd00,   0
  ff,feff,fe00,   3,ff00,ff01,   1,ff01, 100,ff05,ff00,ff01,   0,feff, 1ff, 1ff
   1,ffff,   0,fe01,ff01, 1fe,ff01, 1ff, 100,ff00,   1,fd00,ff00,ff01,   0,ff01
   0,  fe,  ff, 100,ff00,   0,   0,   0, 101,ffff, 100,ffff,   0, 2ff,   0,  ff
  ff,   1,ffff, 1ff,fe00,ff00,   2,   0,   1,   1, 102,ff00, 104,ff00,  ff,fe00
  fe,   0,  fe,   2,  fe,   1,   1,fdff,   0,fc01, 1fe, 100,   1,ff00, 100,ff00
ff00,   0,ffff,   0,fffe,   0,  ff,   2,ff03,ff00,ffff,ff01, 300,ff00, 1ff,   1
ffff,   0,feff,ffff,ff00,ff00, 100,   0, 3ff,ff00,  ff, 100,   0,ff00,   1,ffff
ff00,ff01,   0,   0,   0,   0,   0,   0,   0,   0,   0,   0,   0,   0,   0,   0
   0,   0,   0,   0,   0,   0,   0,   0,   0,   0,   0,   0,   0,   0,   0,   0
   0,   0,   0,   0,   0,   0,   0,   0,   0,   0,   0,   0,   0,   0,   0,   0
ff00, 100, 101,   1,feff, 100,fefe, 100,ff00,   1,   0,ff00,fe01,   0,fe01, 1ff
  ff,   1, 101, 1ff, 201,ff01, 1fe, 101,   1,   0, 101,ff00, 100,ff01, 100,   1
ff00, 1ff, 101,   1,fdfe, 1ff,fffe,   1,   0,ff02, 1fe,  ff, 300,ff01, 201,ffff
ff01,   0,  ff,ff01, 202,   0, 200,  ff, 201,   0,ff01,  ff,fe00,  ff,ff00, 200
  ff,   0, 100,  ff, 100,   1,   0, 101, 200,   0,fc01,ffff,fe00,  ff,   0,ff00
 100,fe00,   0,   0, 1ff, 100, 100,   1,   0,ff00,ffff,ff02,  ff,   0,  ff,ff00
ff00,   1,ffff, 100, 100, 101,ffff,   0,   0,fe01,ff00, 101,  ff, 101, 100,   0
ffff,  ff,   0,  ff,   0,   0,  ff, 1ff, 200,ff00, 102, 100, 202,   0,   1,   0
  fe,ff00, 100,  fe,  fe,ff00, 100,ff01, 1ff,   0, 100,   0,   1,   0,   0,ff00
   0,   1,  ff,  ff,fffc,   0, 101, 500, 101, 100, 102,   0, 200,   1, 301,  ff
   1,ffff,   1,ff00, 1ff,ff00,   0,  ff,  fe,  ff,   0, 101,fffe,ff02,fffc, 100
fdfe,   0,  ff, 1ff,ffff,   0, 101, 100, 1ff,ffff,fd01,ff00,ffff,  ff, 102,   0
   2,   2,   0,ffff, 100,fe01,ff01,ffff,  ff,ff01,  ff,   0,   0,   0,feff,  ff
   0,   0,  ff,  ff, 2ff,ff00,ffff,   0,   0,   2,ff00,ff00,   0, 103,ff00,   0
 100,  fe,ff01,fd00, 200,  fe,   0, 1ff, 101,   0, 101, 1ff,ff00, 200,ff00, 3fe
 101, 202,   0,fd00,   1,fe00, 101,   0,   2, 301,   1, 101,  ff,   0,  fe, 100
   0,   1,   0,ff00, 100,ff00,  ff,fd00,   0,   0,   0,fffe,  ff,   1,ff00, 100
  ff,ff00,   2,   0,   0,feff, 100, 100, 101,  ff,  fe, 1ff,  ff, 1ff,   0,   0
  ff,fd00, 1ff,   1,   0, 100, 1ff,   1, 1ff,ff00, 1ff,   0,  ff,   0,  ff, 101
   0,   0, 100, 100,fe01,   0,   1, 101,ff02,   0,ff01,   0,ff00,ff00,  ff,ffff
 100, 100, 101, 100,   1,  ff,ff01,   0,fffd,ff00,ffff, 100,ff00,ff00, 101, 100
  ff,   1, 201,ff01, 200, 100,ff00,   1,  ff,ff00,   0,   0,  ff,  ff,  ff, 200
 1ff, 103, 100, 101, 201,ff01,ffff,  fd, 4ff,   0,ffff, 2ff,   2, 100,fe00,   0
fdfe,  ff,   1,   0, 101,ff00,   0,   0, 300,  ff,  ff,  fe,   0,  ff,fd01, 1fe
 100,ff01,ff00, 100,   0,  fe,   0, 1ff, 100,   0,   0,feff,  ff, 202, 100, 2fc
   0, 2ff,ff01, 100, 1ff,  ff, 101,ffff, 100,ff00,ffff, 202, 1fe, 402, 100,fefd
  ff, 1fe,   1, 100,  ff, 1ff,   0,   0, 1fe, 100, 2ff,ffff,   0,   0,  ff,ff00
  ff,   0,   3,ff00,ffff,   0, 100,   2, 1ff,ffff,  ff,  ff,   0, 100,   2,ff00
ff00,feff,  ff,fe00,fffe,  ff, 1ff,   1,   2,ff00,  ff, 201,   0, 200,fd01,ff01
fe01,  ff, 101,   1,   0, 102,feff,   0,ff00,   1,fefd,  ff, 101,  ff,   0,   0
   0,  ff, 101,ff00,ff02,   0,ffff,   0, 2ff,  ff, 100,   0,ff01,  ff, 1ff,  ff
ff01,ff01,   4,   0,   2,   3,fe00,  fe,   0, 1ff, 100, 101,   0,ff02, 100, 101
ffff,   2,   0,  fe,fe00,fffe,   0,ff00,ffff,   0, 101, 100, 100,ff01,ff00, 101
  ff,feff,ffff,   0, 101, 1fd,fe01,ff00, 200, 202,   0,feff, 1ff,ff00,   0, 100
ff00, 100,ff01,ff00,   0,ff00, 100,  fe,ff00, 100,   0, 100,ff01,   0,  ff,   2
ffff, 102,ff01,feff, 1ff, 1ff, 100, 100,   0,ff00,ff01, 2ff,   0,fe00,ffff,   1
   0,ff01,ffff, 101,   2,ff00,  fe,fdff, 1ff,ff00, 1fe,fe00, 100, 100,ff01,ff00
ffff,   0,   2,ff00,   0,ffff,   0,feff, 100,   0, 200,fe00, 1ff,ff00,   1, 1ff
ff01, 100,   1,   0,ff00, 2ff,  ff, 101,ff01,   2, 100,   0,   3,   0,   2,ff00
 1ff,   1,   0,   0,fe02,   0,   0, 100,   1, 101,  fe,ff01,fefd, 100,fffe, 100
   0,   1,   0,   0, 300,   0, 101,   0,ff00, 1ff,   1, 100,ff03,   0, 101,ffff
ffff,   2,  fe, 103, 2ff,   1,  ff, 101,   0,feff, 200,ff05,fd00,   3, 100,   1
ff00, 1ff,fbff, 1ff,fe01,fffd,ff00,ff00, 201,   0, 2ff,ff00,fe00,   0,   0, 2ff
 100,   0,   2,   1,   0,   1,   1, 100,   1, 100,  ff,feff,ff00,   0, 100,   0
   0, 201,   1, 100,   1,ff01,   0,  ff,   0,  fe,   0, 1fd,   1,   0,  ff, 1ff
ff00, 2ff, 101, 1ff, 200, 1ff, 100, 101,   0,   1,   0,   0,   2,   1,   1,   0
ffff,   0,   0,   0,   1,   1,   0,   0,   1, 1ff,  ff,ff00,  ff, 100,   0,feff
 101,fe00,   0,   1,   0, 100,ff00,   0,  fe, 100,   1,   0, 100,   0, 100, 100
   0,   0, 1ff,   1,  ff,  ff, 2ff,ff00,   0,   1,   0,   0,ffff,   0,   0,   1
  ff,  ff, 100,   0,   0, 100,   2,   0,   1,   0,ff00,   0,   1,ff00, 101,   1
   0,   1,   0,   0,   1, 100,  ff, 1ff,ff00,   1,  ff,  ff,ff00,ff01, 201,ff00
 101, 100, 101, 101,   1,fefe, 201,  ff, 101,   1, 401,   0, 201,ff01,   0,   0
ff00,   1, 100,  fe,   0, 100, 1ff,   0,ffff, 100,ff00,ffff,fd00,  fe,feff, 100
   0,ff00,ff01,ff00,   0, 100,ff02,   1,   1, 100, 100,fc01,ffff,   1,   0,fe00
  ff, 1fe,   0,   1, 100, 100,ff01, 101,   0,fffe,  ff,ff01, 1ff,   0,ff00,ff01
  fe,  ff,   0, 102,   0,   0,ff01,   0,ff01, 100,   2, 100,   0, 100, 1ff,   1
   0, 100, 100, 101, 101, 2fe,   3, 301,   1, 200,   0,feff,  fd,ff01,ffff, 3ff
ff01,   1, 101,ffff,ff01,  ff, 101, 201,  ff,fb00,  fc,ffff,ff01,   0, 101,   0
 100,ff00, 101,ff00,   0,   0,   0,ff01, 200, 101,ffff,   0,   1,   0,   0,   0
  fd,   1,fffe, 101, 101,ff00,   0,   0, 100,  ff,   1,   0,fe01,   1,  ff, 100
   2,ff00, 102,  ff,ff01,feff,ff00,   1,   2, 203,fffe, 200,ffff, 1ff,ff00,   0
ff00,   1,fdff, 1ff, 200,ffff, 301,   1, 300,ffff,   1,fffe, 1ff,   2,  ff,   0
fe00,  fd,   1, 1ff,   0,   0, 2ff,   3, 200,ff00,  fe,   1,   1,fe01,ff00, 1ff
 100,   0,ff01,   1,   0,ff01,  ff,ffff,  ff,   0,  ff, 101,  ff,ffff,ff00, 1ff
  ff, 100,   0,   0,ff01,  ff,ffff, 101, 100,   0, 101,ff00,  ff, 101,   0, 100
fffe, 101, 204,fdff, 100,feff,fefd,ff00,  ff, 100,   1,   0,  fe,   1,ffff, 201
   1, 2ff,   0, 101,   1,fe01,ff01,ff00,ff01,ffff,  fe,   1, 1fd,   2,   0, 1ff
 101,   0,ffff,fa01,fffd, 101,   1,ffff,ff00,  fe,   0,ff00, 1ff,ff00, 100,   0
ff00,   1, 401,ff00, 2ff,   0,  ff, 1ff,fffe,feff,fffd,   2,ff01,   1,ff00,   0
  ff,   0, 100,ffff,   0, 1fe,   1,   0, 201,   0, 203,   0, 101,ff01,ffff,feff
 2ff,   1,  ff,ff01,   1,   0,  ff,  ff, 101, 100,ff00, 102,   0,   0,fdff,ffff
 201,ffff, 400,   0, 1fe,ff01,fe00,   0, 100,   0,  ff, 1ff,   0,   0,fe01,ff00
 600,   4, 200, 100,fffe,   1,   0, 201,   0, 1fe,  ff,ffff,   1,   0,fe00,fefe
 100, 1ff, 100, 1ff,  ff,fefe,   0, 103,   0, 203,ff00,  fe, 101,feff, 102,fe00
   1,feff,   0,   1,ff01,  ff, 100,   1, 100,ff02,   0,   0, 100, 100, 1fe,   0
fffe,   0,   0,   0,  ff,   0,   1,   0,   0,   0, 101,ffff,ff01,   1,   1,  ff
   1,   0,   1,ff00,   1, 100,   1,ff01,   2,   0,   1,  ff,   0,  ff,   1,   0
   0,   0, 101, 100, 101,ff00, 202,ff00,ffff,ff01, 201, 1ff,fd00,   0, 101,   1
   0,   1,ffff,ff00,  fc,ff00,fefe,   1,   0,  ff,   1,   0,   0,   1,   1,   1
ff00,   0,ff01,  ff,fefc,   0,   1,ffff, 101, 102,feff, 1ff,ff01, 1ff,  ff,fffe
   0,   0,  ff,  fd,  ff,  fd, 2ff,ff02, 200, 100,   1, 100,fc00,ff01, 101,   0
 1ff,  ff,   1,  fe,   0,  fe, 201,   2,   0,   1,fb01,  fe, 101,ffff,   1, 300
   1,  fe,   1, 1fe,   1,ff00,   1,  ff,ff01,ff01,ff00, 1ff,   1, 101,   0,   0
   0, 1fe,ff01,fffe,ff00,   0,   0,   1,ff00,   0,   1,  ff, 100,   0,   0,   0
   0,  fd,  ff,   1,  fe,   0,feff, 301, 201, 2ff, 102,ff00, 100, 100,ff00,fdff
  fe,   0,   1,   0, 1ff,   0,   0,ff00,  fe, 3ff,   0, 100,ff00,  ff,   0,   2
ffff, 100,  fd, 100,   1, 100, 1ff, 1ff, 100, 100,  fe,ff00, 1ff,fe01,ffff,ffff
 100,ffff, 201,   0, 100,  ff, 201,   1,   2,ff00,fdff,   1,ff00,   1,   0,  ff
   1,  ff,ff00, 1ff,ffff,   0,fcfe, 1ff,   1,ffff,ff00, 100,  ff,   0, 104,   0
ff01,  ff,   0,   1,   0,fdff,fe01,fefe,ff00,  fe,ffff,   0,  ff, 2ff,   0,ff01
 200,   3,ff00,   0, 201,   1,ff00, 101,ff00, 100,  ff, 100,fe00,fffe, 101, 101
 201,   4, 101,ff00,fefe,ffff,   0,fd00, 100,   0,ff00, 1ff, 101,   1, 100,ff00
 101,feff, 1ff, 200, 1fe, 101,   2, 101,   1, 202,ff00,  ff,ff01,ffff,   0,   1
  ff, 200, 100, 3ff,ff00,  ff,  ff, 3fe,   0, 101,   0,fffe,   1,  ff,   0, 101
   1,ff00,  fe, 100,  ff, 100,   0,   0,  ff, 100,fffe, 101, 1fe,   1,  ff, 101
 201,fd00, 100,fefe,  ff,   0, 1ff, 100, 101, 100,   2, 1ff, 100,   1,fefe,   0
 100,  ff, 1fe, 100, 1ff, 1ff,  ff, 1ff,fffe, 100, 1fe,   0, 102,   0, 100,  ff
fffe,   0,ff00,   0,   1,  ff, 100, 2ff, 104,  fe, 204,   0,ff01,   0,ff00, 1ff
fe00,   0,fefe,   1, 1ff,ff01,  ff,   1,fffd,   0,  fe,  ff,ff00, 100,fe00,  fd
   0,ffff, 101,   0,fd01,   0,   0, 101,   1,  ff,ff00,  fe,ff00,ff00,   0,   1
 100,   1,ffff,   1,   0,  ff, 100,fffe,ffff,   1,   1, 102,ff01, 100,fe00, 100
ff00,   1, 101,feff,  ff, 101,  ff, 102,ff00, 100,ffff,  fd,   0, 2ff, 101, 201
   0,ff00,  ff,fffe,  ff,fffe,   0,ff04,fe01,ff00,   1, 1ff, 201,   2,ff00, 100
ffff, 300,ff00, 1fe,ffff, 202,ff01, 102,   0, 100,   0, 2ff,  ff,ff00,fefd, 100
  ff, 100,   0,ff00,   0, 100,   0, 200,ff01,   1,   1, 1ff,   1,fd00,   0,ffff
   2,  ff,  ff, 1ff,   1,ff01, 102, 100,   1,ff00, 101,   2,  fe,ff00, 100,   0
ff01,  ff,ff00,ffff,fe00,  fe,   2,  fe, 100, 100,ff01,   0,ff03,  ff,   1,  ff
 104,  ff, 101,ff01, 2fe,   0,ffff, 100,ff00, 100,  ff,ff01, 202,ff01,  ff,   0
 2ff,   0,fd00,   1,fffc,  ff,   0,fffe, 300, 103, 2fe,  ff, 101,  ff,   1,ffff
ffff,fe00, 1ff,ff01,   0,ffff, 100,   0, 301,ff00, 200, 200,   0, 101,   0,   0
  ff,   1, 100, 100,ff01,fffe,   0,   0, 4ff,   0,ffff,   0,  ff,   0,   1,   0
   1,ff00,ff00,  ff,   1, 201,   2,fcff,  fe,fd02,  ff,fe00,   1,   0, 100,fe01
  ff, 1fc,   0, 101, 100,fe00,   0,  fe,   0, 102,ff02,fd01, 1ff,fe01,  ff,ff02
ff00, 201,fffe, 301, 102,   0,  ff,fe00,  ff,feff, 1fe,   0, 101,ffff,ff02,  ff
ffff, 201,   1, 101, 102,ff01,   0,fd00, 1ff,   0,ff00,   2,   0,fe00,fffe, 200
  ff,ff00, 102, 101,   1, 600,   0, 1ff, 1ff,   0, 101,   0,  fe,   0,  fe,  fe
 101,   0,   0,ff01,   0,ff00,ff02,   2,  ff, 101,   1,   0,   2,   1,   0,ff00
  ff,   0,ff01, 100,   1,ff01,  ff,   0,ffff,   1,fe01,ff00,fef9, 100,  ff,ff01
   0, 1ff,ff00,  ff, 101,ff01,   0,ff01,  ff,   3,ff02, 1ff, 400,ffff,ffff,fffe
 200,   1,  ff,   0, 300,ff01,ffff,ff00,   0,   0,ff01,  fc, 100,  ff, 1ff, 101
ff00,   0,ff00, 100,fe00, 3ff,   1,ffff, 1ff, 201, 1ff, 200, 1ff, 200,   0, 100
ff00,  ff,  ff,   0,   0,   0,feff,fffe,   0,ff00,   0,  ff, 1ff,ffff,  ff,ff00
ff01,   1,   0,  ff,  ff,fe01,  ff,   0,   1, 101, 100,ff00, 100, 100,ffff, 101
ff02,ff00, 100,ff01, 101, 300, 1ff, 100,fffe,   1,   0,   0, 101, 200, 1ff, 301
ffff, 201,   0, 1ff,   0, 1ff,ff02,   0, 202,   0,   0,  ff,  fe, 2ff,   0,   0
ffff,ff01,   0,   0,   0,   0,   0,   0,   0,   0,   0,   0,   0,   0,   0,   0
   0,   0,   0,   0,   0,   0,   0,   0,   0,   0,   0,   0,   0,   0,   0,   0
   0,   0,   0,   0,   0,   0,   0,   0,   0,   0,   0,   0,   0,   0,   0,   0
fefe,   1,   0,  ff, 100,feff,ff02, 201, 100,   0,  ff,   0,  fd,ffff,  fb,fb01
  fd,ff00, 100, 100,   0,   0,   1,  ff, 100,   0,   0, 101,ff00, 2ff,fe00, 200
   0,fe00,  ff,   1,  ff,   0, 102,   1,   1,   1,ffff,  ff,ffff,ff00, 1ff, 201
 100, 100,   1, 100, 100, 200,ff02,ffff, 100,ff00, 100,ff00,ff00,ff00,ff00,ff00
 1ff,   0, 101,   1,feff, 1ff,fd01,   2, 200, 1ff,fe00, 100,   1, 101,   0,   0
ffff,  ff,   0,  ff, 100,   0, 200,ff01,   0,  ff, 100,ffff,ff00,   1,ffff,   0
   1, 100,   1,   0,ff00,  ff,ff00, 100,ff00,ff01, 200,   1, 1ff,   0,   0,   0
 200,ff00,   0, 101,   0,  fd,ffff,  ff,  ff, 100,   1, 101,   0,ff02, 1ff,   1
ff00, 100,   0,  fd,   1,ffff,ff00,   0,ff00,  ff,ffff,   1,   0, 1ff, 100,ff01
 100,   0,   0,fdff,  ff,ffff,   0,   0,fe01,  ff,  ff,   0,ffff,  ff,fffe, 102
 100,fe01,   1,fdff,  ff,  ff,  ff, 300,  fc, 200,  ff, 100,   1,ff00,   0,   0
   0,   0,   0,ff00,   0,feff,   0,fe00,   0,fe00,ff03,ff01, 100,feff,  ff,  ff
ff01,   0,feff,   0, 300, 101, 201,   2, 202, 1ff,   0,  ff,ffff, 101,ff00,   1
 1ff,  ff,fd00,   1,   0,   0, 100,ff00,   0,   1,   1, 201,  fe,ff00,  ff,fffe
 5ff,ff01, 1fe,   1,   0,  fe,fffe,   2,   0, 102,ff01,ff00, 1ff,ff02,   1,   0
   1,  ff, 100,feff,ff00,fffc,   0,  ff,   0,   1,   1,   1,   1,  ff,   0,  ff
   1,   1,ff00, 1ff,   1,ffff,fe00,ff01,ff00,   2,   1,   1,fe00,   1,   0, 100
   0,   0, 100,ffff,   0,ff00,   1,ff00,   0,   0, 100,ff00,   0,   1,   0,   0
  ff, 100,   0,   0, 101, 100, 100,   1,   0,ff00,ff00, 101,ff00,   0,   0,ff01
ffff, 101,   0, 102, 200,ff00,  ff,   0,   0,fe00,  ff,  ff,   0,ff00, 103, 100
   1,ffff, 101, 100,ff01, 200,  fe,   0,   0,   1,ff00,ff00, 100, 1ff,ff00, 200
 100,ff02, 101, 100,  fd, 200,  ff, 101,ff00,  ff, 100,   0,fffe,  fe,ff00,   0
  ff, 100,  fe,  ff, 101, 102,fe02,   0,fd00,  ff,ff02, 1fe,ffff,  fe,   0,   0
   0, 101, 101,ff01,  ff,  ff,fe02,   1,fe00,   0,f901, 201,fcff, 101, 101, 201
 102,   2, 300,   0, 201,ff01,ffff,   1, 200, 102,   0,feff,fe00,  ff,ffff, 2fe
ff01, 1fe,ff00, 100,   1,ff00,ffff,   0,   1,   0,ff00, 101, 100, 100,feff,  fd
ffff,feff, 102,ff00,fefe,  fe,fe00,  ff,ff00,   0,   0,feff, 100,   2, 101,  ff
  fe,  ff,   1,  fe,  ff, 100,ff00, 101,   1,ff01,   1,  ff, 101, 1ff,   0, 100
   0,   0,   0, 100,   0, 301,  ff, 202,  fe, 102,ffff,  ff, 100,   0,ff03, 2ff
ff02, 1ff,   3,ffff, 101,ff00, 2ff,   0,  fe, 1ff,   0,   0,   1, 200,   1,   0
   1, 100,  ff,   0,   0,ff00, 100,   0, 1ff, 100,   1, 101,   0, 100,   0, 200
fffe, 501,   1,   1, 2fd,   0,ffff, 100,fdff, 1fe,fe02,  fe, 100, 101,  ff,ff00
 1fe,ff00, 2fe,   0, 201,  ff, 1ff,ff00, 1ff,   0,   0,ffff, 101,   1, 101,  ff
 1ff,   1,   0, 101,fdfe,  ff,  ff,   1, 1ff,   1, 201,   2, 200,ff02, 100,ff02
   0, 100,  ff,  fd,   1, 1ff,feff,  ff, 100, 101, 100, 102, 100,   0,   0,  ff
   0, 100,   0,   0, 100,   0, 100,  ff, 101,ff00, 2ff, 1fe, 3ff,ffff,   1,   0
 100,fe00,   0,fffe,  fe,fe00,ff00, 201,   0, 100,   1,ffff,   1,fffe,   1,  ff
ff00,ffff,   0,ff00,   1, 100,ffff,   1,   0,   0,   0, 100,ff00, 100,ff00, 200
 100, 202,ff01,ff00,fdff,ffff,fe00,  fe,  fd,fe00,   0,ff00, 1ff,   1,   1,  ff
  ff,feff,   0,   0, 101,   1,ff00, 2ff,   0, 1ff, 1fe,ff01,   1,  ff,   0,ff00
 100,   0, 101,   0,  ff,fe00,ffff,   0,   0,  ff,fffe,ff00, 1ff,  ff,  fe, 100
 101,   1,   1,ffff,fcfe,  ff,feff,   0,fffe,   0, 202, 1ff, 102,ff01,   1,ff00
 201,ff01,  ff,   1,   0,   0,   0, 100,ff00,   0,fe01, 101,fcfe, 100,  ff, 100
 1ff,   1,ffff, 300, 100,  fd,  ff, 1ff, 2ff,   0, 100,   1,  ff,   2,fe00, 100
ff00,ff02, 100,   0,feff,   0,   0,   0,  ff,   0,  ff,   0,   1, 100,  ff,  ff
   0, 1ff,   0,   1,ff00,   1,ff00,   0,ffff,ffff,ff00,   0,   1,   0,ff00,  ff
   0,feff,  ff, 1ff,ffff,   2,   0,   0,  ff, 1ff, 100,   0, 100,   0,   0,ff01
   0, 1ff,   0,ff00, 101,   0,   0,   0,   0,fe01,   1,fe01,ff00, 100,   1,   1
  ff, 100,   0, 101,   0,   1,ff00,ff00,   1,   0,   0, 101,  ff, 1ff,  ff, 200
   0, 100, 100,ff00,   0,   0,  ff,   0,ff00,   0,ffff,   1,  ff, 200, 100,  ff
  ff, 100,  ff,ff01,   1,   0,  ff,ffff,  ff, 1fe, 100, 100, 1ff,   0,  fd,ff00
 201,   0, 102,  ff,   1, 100,ff00, 101,  fe,   0,fffe,   1,   1,  ff,   0,   0
ff00,   1,ffff, 100,fffe,ffff,   1, 1ff,fe01, 102,ffff, 400,   2, 101,   2,   1
fd00,   0,fe01,  ff, 100,   3,   0,   2, 100,ff01,fe01, 1ff,ff00, 1ff,   1,ff01
   0, 1ff,   0,ff01,  ff,  ff,   0, 101,ff00, 100,feff,   0,ffff,   1,ff00,  fe
   1,  ff,  ff, 100,ff00,feff,  ff,   3,   1, 302,   0,  ff, 201,ffff,  ff,  fe
  ff, 102,  ff, 101,ff02,   1,ffff, 300,   1,ff00,  ff,   0,ffff,  ff,   0, 100
feff,ffff,   0,   0, 2ff, 102,ff00, 1ff, 2fe,fe04, 2ff,fe00,   0,  ff, 100,ff00
   0,ff00,  fe, 1ff,ff00,ff00, 1ff,  ff, 101,fe00, 101,  ff, 100, 100,  ff,ff00
ff01,   1,  ff,   0,ff00,   0, 100,  ff, 101,ffff,  ff,ff00,   0,  ff,   1,ffff
  ff, 2ff, 501,   0, 401,   0, 2ff,   0,ff01,  fe,   1,   0,   2,fe00, 1fe,fffe
 101,ff01, 101,   2,ffff, 101,   0, 101,   0,   0,   0,ff00,   0,   0, 101,  ff
 1fe,   0,fdfe, 1fe,fe01,  ff, 101,   0,  fe,  ff,ffff,   0, 101,  ff,   1,  fe
   0,ff01,   0, 100,  ff, 100,ff00,   0,ffff,   0,ff00, 1fe,ff00, 1ff,   0,   0
   0,   0,   1,   0,   1,   0, 2ff,   2, 101,   0, 101,   0,fe01,ff00,feff,   1
ffff,ff01, 100,fd00,ffff,   0,  ff,fffe,   1,fffe,   0,ff01,  ff,fcff,ff00,feff
   0, 302,  ff,   0,   0,   0,  ff,   0,   0,   0,ff00,fe00,fe00, 202, 1ff, 603
 102, 1ff,   0,   0, 100, 100,fffe,ffff,  ff,   0,ff00, 1ff,fefe,   1,   0,   0
 100,fe00, 102, 1ff, 103,ffff,   0,  ff, 101, 100,   0,   0,  ff,ff00,ffff,   0
   1,   0, 101,   1, 1fe,ff00,   2,  ff,   0,fdff,  fe,   0, 201, 100,   0,  ff
fe00, 201, 101, 100,   0,   0, 2ff,   0,  ff,  ff, 401,   0, 201, 1ff,   0,  fe
   0, 100,   0, 1ff,   1,   1,   0,   0, 1fe,   1, 1fe,   2, 1ff, 101,ff02,ff00
  fe, 100,   0,  ff,   1,   0,   1, 201, 101,  fe,   0,fffe,   0,  fe,ff01,  ff
 201,   0, 100,ff01,  ff,ff00, 101, 100,   0,ff01,   0,   0,ff00, 100,feff,   0
   0,   2, 3ff,   6,   0,   5,ffff, 100, 100,fe00,  ff,ff00,   0,ff01, 100, 100
   0, 100,   0,  ff,   0,  ff,  ff, 101, 100,  fe,   0, 100,   0,   1,   0,  ff
ffff,ff00,ff00,   0, 100, 1ff,   0, 100,ff00, 101,ff00,   0,   0,fffe,  ff,  ff
   0, 1ff,ffff,ff00,   0,fc00, 202,fdff, 102,ff00, 100, 101,  fe,   1,  fd, 400
 2ff, 100,  fe,ff00, 100,   0, 100,   0,   0,ff01,   1,   0, 2ff,   0,fe00,   1
   0,   0, 100, 100,   1,   0,feff,ff01,   1,   0,ff00,fe00,  fe,   0,fe00, 101
  ff, 100,   1,   0,fc00, 1fe,fffe,  ff,   1,   0,ff00,ff00,   0,   1,   0,   0
   0,   1,ff01,ff00, 202,ff00, 202,   0,ff00,   0, 101,  ff, 201, 100, 201,   1
   0,   0,  ff, 102,ff01,   1,ff01,ffff,ff00, 1ff,ffff,  fc,fefe, 1ff,   0, 1ff
 101,   0, 101, 100, 100, 100,   0, 100,   1, 100,   0,fffe,   1,   1,   1,  ff
fe00,  ff,   0, 302,ff02, 301,ffff, 2ff, 100,  fd,ffff,feff, 100,   0,   0, 102
   0, 200, 1ff, 403,ff00,   0,   0,   1, 1ff, 100, 100,ff00,  ff,   0,  ff,  ff
   0,fffe,  ff,feff,ff00,   3,  ff,ff01,   1,ff02,   1,ff00,   0,   0,ffff,   1
fffc, 101,  fe, 100,ff00,  ff,ff02,ffff,   4,  ff,   0,  ff,   1, 100, 100,   0
ff00, 100, 1ff,   0,   0,fe00,   3, 1ff, 102,fe00, 200,ffff,ff01,   0,ff00,   1
fe02,   1,   2,   0, 2ff,ff00,ff00, 100,feff, 1ff,fffe,ff00,  ff, 100,fe00,   0
  ff,  ff, 101,   0,   0,   0,   0, 100,  ff,   0,ff00, 100,ff01,ffff, 302,   0
 602,ff02, 201,ffff,ff00, 101,   0,   1, 3ff,   3,   1,ff02, 200, 1ff, 100,ff00
 1ff,ff00, 1ff,ff02,   0, 100,ff00, 1fe, 100, 100, 101,   1,   0,   0,ff00,   0
 100,   0, 300,  ff,   0,  fe, 1ff,fffe,ff00,ffff, 102,ff00,   0,fffe,ff01,  fe
ff00, 101,ff00, 300,   0, 101,   0, 100, 100,ffff,   1,ffff, 201,feff, 100,fcff
   0,   1, 100,   0,   0,   1, 100, 100,   0,   2, 101,ff00, 2ff,fb00, 100,fd01
 100, 101,ff00,   0,   2, 201, 101, 100,   0,ffff, 1ff, 101,   0, 100,ff01,ff01
  fe,   0,  fe, 200,   0,ff01,   0,   0,  ff,  ff,   0,   1,   0,   0,   0, 100
   1, 1ff,ff01, 100,ffff, 1ff, 101,   0,ff00,ff01,   0,   0,ff01,   0,fd00,   0
ff00, 100, 201, 200, 102,ff00, 1fe,   0,  ff,   0,   0,   0, 100, 1ff,   0,  ff
   0,  ff,   0,   0,   0,ff00, 101, 200, 201,   1,fe00,ffff, 100,   0,  ff,   0
 2ff, 303,  ff,  ff, 100,   0, 101,  ff,fd01,   1,ffff, 101,fefe,ff02, 1ff, 103
 400,   2, 200,   0,   0,ff00,   0,   1,  ff,   1, 101,ff00,fffe,   1,fe01, 301
ff01,  fd, 101,  ff,  fe,  ff, 100,fcfd,   0,fcff,   0, 200,   0, 201,   1, 1ff
 100,  fe,  ff,   1,   0,ff01,   0,  ff,ff01,   1,ff00, 1ff,   0,   1,ff01, 101
 1ff,ff00,   0,  ff, 1ff, 301,ff00, 402,ff00, 1ff, 101,ff01,   0, 100,  ff,fe00
  ff,fe00,   1,   0,  fe, 300,   0, 200,ff02, 201,   0,ff00,   1,fb01, 200,fe01
ff00,   1,ff00, 1ff,ff01, 100,   0,   0,   0, 101,  ff, 101, 201,  ff,   1,ffff
ffff, 102,   1,   0, 100,   0,   0,ff01, 400, 100, 100,   1,ff02,ffff,   0,   0
 202,ff00, 202, 101, 101,   1,ff01,  ff,   0, 1ff,   0,   0,   1,   1,   0, 101
 2ff, 100, 1ff,   0,ff00, 100,   0,ff01,   2,   1,ff01,ff00,fb00,ffff,fe00, 100
fe01,   1,ff02, 2ff,  ff, 201, 301,fffd,   0,fefd,ff01,  ff,ff02,feff, 100, 100
ff01,   0,  ff,ff00,   0,ff01, 100,ffff, 201,   2,   0, 100,fe01, 1ff,   2,ff02
 1fe,   3,ff00,  ff, 100,   0,  ff,fdff, 1fe,fe01,ff01,fffe, 102, 100,   0, 1ff
   0, 1fd,ff00,ff00,ff00,   0,   0, 100,   1, 1ff,   1,   0,   0,   0,fe00, 201
   0, 4fe,fe03,   1,  ff,ff00,  ff, 401,   0, 100,   2, 1ff,   1,   0,   1,   1
   0, 100,   0, 100,ffff, 101,fffe,fd00,  fe,   0,   0,   0,   0,ff00,   1,   1
  ff,   0,ff00,   0,  fe, 1ff,  ff, 100,ff02,fe00,ff00,   0, 100,ffff, 101,  ff
 1ff,ff00,fefe, 100,fdff,   0, 201, 200, 203,ff00,ff00,   0, 400,   1, 2ff,  ff
 1ff,   0,  ff,  ff,   0,   0,   1,   0,  ff, 100, 200,   1, 201,   1,fcfe,  ff
  ff, 1ff,ffff,   0, 301,   0,ff01,   0,ffff,ff00,   0,   0,ff00, 1ff, 101,   0
  ff,ff02, 200,ff00, 201,ff00,   0,ff01,  ff, 101,  ff,ff00,   0,   0,   0, 100
ff00,   1,fd01,  fe,fd01,   0,ff00, 201,  ff, 101,   0,ff00,  ff, 200,   0, 3ff
  ff, 3ff,ff01,fe01,   1,ff00,  ff,fe01,   0,ff01,   0,   0,  ff,  ff,   1,   0
   1, 100,ffff,   0, 100,   0,   0,fe01,   0,ffff, 100,   0,ff01,   0,   0, 102
ff00,feff,   0,   0,   0,   0,   0,   0,   0,   0,   0,   0,   0,   0,   0,   0
   0,   0,   0,   0,   0,   0,   0,   0,   0,   0,   0,   0,   0,   0,   0,   0
   0,   0,   0,   0,   0,   0,   0,   0,   0,   0,   0,   0,   0,   0,   0,   0
ff01,  ff,   0,ff02,ffff,  ff,   0,  fd,   0, 100, 1ff,  ff, 101, 2ff, 100, 1fc
ff00,fefb,   1,   1,ff00,   3,ff00, 100,fffe, 100,ff01,   0,   0,  ff, 100, 2ff
 101,   0,   1, 102,   1, 1ff,   0,fe01, 102,fd00, 100,  ff,   0, 500, 101,ff00
 1fe,ff00,  ff,   1,   0,   0,   0, 101,  ff, 200,   1,   1,   1,   0, 100,  ff
  ff,ff00,   2,fffe,   0,fdff,ff01,   0,   1, 102,ff00,  ff,fffe, 100,  fe,  ff
   0, 1ff,ffff,   0,ff00,   0,ffff,ffff,  fe,ff00,   0,   0,ffff,   0,ff00,   0
ff01,ff00, 100, 100, 101,ff01, 200,   0,   0,   0,ff00,ff00,  fe,ff01, 100, 100
   1,   0,ff00, 100,   0,ff00,   0, 200,   0,   0, 100,   0, 100,ff00,   0,fffe
   1, 100,fd00,  ff,fe01,fffe,   1,  ff,ff00,ffff,   0, 100, 100, 101,ff00, 1ff
 100,  ff,   0,  ff,fffe,   1, 200,   1, 100,  ff, 101,   1,ff01, 100,   0,   0
   0,   0,   0,   1,   0,   4, 100,ffff, 1ff,   6,   0,   2,ff00,  fe, 1ff,ff00
   0,fffe, 100,fd03,   0,   0,   1, 101,   0,   2,   1,fffe,   0,fffc,   1,  fe
 1ff, 1ff, 200, 2fe,   0,fffe,feff,fc00,  ff, 2ff, 102, 401,   0, 101,   0,  ff
   2,   0,   0,ff00,ffff,ff00,fffd, 1ff,   1, 201, 104,   0,   1, 200,   2, 200
 100,fe00,fffc,ff00, 100,ff00,   2,ff01, 204,   1, 102,ff00,ffff,ff01,  fe,   0
  fe,   0,ff02,  ff,  ff, 100, 201, 1ff,ff00,  ff,ff00,  fe,fe00,  ff,   1,   1
fd00,ff01,fe00, 202, 2ff,ff00, 200,  ff,fffe,   1,   2,  ff,ff00, 2fe,fe00, 1ff
   0,   0,   0, 1ff,  ff,ffff,   0,ff00, 100,  ff,ff00, 100, 201,  ff, 100,ff00
  ff,   0,ff00,   0,  ff,   0,   1,   1,  ff,ffff,   0,ff00, 101,   1,  ff,   0
  ff,  ff,   0, 100,ff00,fefc,   0,  fb,ff00, 201,ff00, 103,   1, 1ff,   0, 2fd
  ff,   0,   0,fe01, 101, 101, 100, 301,   0, 201,ff00,  ff,   0, 1ff, 100, 1ff
  ff,ffff,ff00,ff00,  fe, 200,   0,  ff, 100, 100, 100,ff00,ff01,feff, 101, 100
   0, 501,   2,   2,fefe,   0,ffff,   1,ffff,   0, 100,   0, 1fe, 100,   0, 1fe
  ff,   0,   1,   0,   2,   1,  ff,ff00, 100,   1,   1, 300,ff01, 3ff,  ff, 100
fffc,ff00,   4, 101,   5,  ff,ff01,fffe, 201, 300, 100,ff00,fffe, 102,  ff,ff00
  fe,ff02,fffd,   1, 1ff,ff00, 301,   0, 100,ff01,fc00,   0,   0,ff02,  ff,  ff
 2fe,   1,  fe,   1, 101,  ff, 201,  ff,ffff,   0,  ff,   0,   0,   2,fc00,  ff
  ff, 1fe, 100,   1,   0,ff00, 2ff,   0, 3ff,   0,ff00,   1,ff01, 1fe,   0,   1
 100,ff03,   0,ff01, 201,ffff, 100, 101,   1,   0,ffff,   0,ff00,   2,   0,fefd
  fe,fefc,ff01,   0, 1ff,ff01,   1,   0,   2,  fe,   1,fe02,ff01,   1,   0,ff01
   0, 200,ff01, 100,   1,  ff,ffff, 100, 101,ff00,ffff,ff01,   0,fe00, 201,   2
   1,   1, 100,fe02,   0,   0, 102,   1, 1ff,ff01,   0,ff00, 1ff,   0,   0, 100
 1ff, 100,   0,   0,   1, 101,   0, 201,   0,   0,  fe,   1,ff00, 100,ffff,ff01
   1, 101,  fd, 201,fffe, 100,   1, 200,  ff,ffff,   2, 100,ff00,ffff,  ff, 100
   1, 100, 100,   0,   0, 3ff, 1fe,   1,   1,   1, 101,   0, 100,   0, 100,   0
 201,   1,  ff,   0,ff00,   0,   0,ff00,ff00,ff00,fffe,   1, 102,   0, 102,   1
ffff, 100, 100,  ff,ffff,ff00,   0,  ff,fe00, 100, 2ff,   1, 2ff,   1,ffff, 102
fe00,   0,fefe,ff01,fe00, 100,ff00, 200, 1ff,   2, 100,ff03, 201,   1,ff01,ffff
 101,   0,ff00,   1,fd00,ffff, 100, 203,   1,ff00,  ff,  ff,   0, 100,   0, 203
ff01, 101, 101,   2,  ff, 100,ff01,feff,ff00,  ff, 101, 1fd, 100, 100,   0,  ff
   1, 302, 101, 200,   0,   1,   1,   2,ff00,fffe,  ff,fffe,   1,ff01,   1, 100
 102, 1ff,   2, 101,   1, 2ff,ff00,   0,  fe, 200,ffff,   0,   0, 200, 100, 301
fffe,fefe,ff01, 101,   3,ff00,fffc,  ff,  fd,   0,   0,ff00,   0,   0, 103,ff00
  ff,   0,   1,   0,  fe,ff01,ffff,ffff,  ff,   0,   1,  ff, 100,ff01, 202,   0
   0,   0, 1ff,   1,  ff, 101,  ff,   1, 101,  ff, 1ff,ff00,  ff,   0, 201,   0
 100, 100,   1,  ff,   1,  ff,ff00,  ff,ff00,   1, 100,  ff,ffff, 100,  ff,ff00
 100,   0, 101, 100,  ff,   0,   0,  ff, 100,ff01,ff00, 101, 101,   0, 1ff,   0
   0,   1,   1, 1ff,   1, 100,  ff, 101,   0,   0,   0,   0, 1ff, 100, 200,   0
  ff,ffff,  ff,ff01,   0,   0,  ff,   0,ffff, 102,  ff,ff01,   1,ffff, 100,   0
   0,ff01,ff00, 1ff,   0, 1ff,ff00,   1, 100,ff00, 101,feff,ffff,  ff,   0,   0
ff02,  fe,   0,ff00,   0,   2,  ff,   0,   0,fd00,  ff,ffff,ffff,fe00, 100, 100
 100,   0, 101,fe01, 1ff,   1,   0,fc01,   0,fe01, 1fe, 301,  ff,   0,ff00, 200
   2,  ff, 100,ffff,   0,ffff,   1,feff, 1ff, 100,   1, 301,   0,fd00, 1fe,  ff
ff01, 100, 100,   0,   0,   0, 1fe,   1,   0,  ff,   2,ffff,   0, 200,ff03,   0
 101,   0,ff00,   2,feff, 1ff,   1, 101, 200,   0,   1, 100,   2, 100,   2,   0
   0,ff00,   1,ff00,   0,   1,fe00,   0,ff00,  fe, 100,ff01, 200,ff01,ff00, 1ff
ffff, 201, 200,   0,fe00,   0, 1ff,   0, 100,ff01,   0,   2, 201,  ff,fefe, 1ff
   0,   1,fe00, 202,ffff, 3ff,   0,fe00, 101,ff00,   0,   0,   0, 100,ff01,ff00
  ff, 100,   1,ff00,ff00,ff00, 101, 102,  ff, 101,ff00,ff03,ff01,ff04,  fe,   0
  ff,   1,   0,fd00,  ff,ffff, 100,ff01, 1ff,   0,  ff,   1,   0,ffff,  ff,  ff
 101,fe00, 100, 101,ff00,   1,ff01, 100,   1,ff00,  ff,fe00,ff00,ff01,feff, 100
   1,fd01,ff02,fe00,   0, 300,  ff,   1,   1, 100, 1ff,  ff,fffe, 100,  fe,   0
 101,fefe,fe00,ff02,   1, 300,ff00,   0, 1fe,   0,  ff, 100,  fe, 100,   0,   1
fffe,ff00, 101,ff00, 102,ffff, 100,ff00, 1fb,   0,ff00, 101, 100, 100,ff00, 101
   0,  ff, 200,   1,   0,  ff,   0,  fe,   1,   0,   1,ff00,   0,  ff,   0,   0
 2ff,   2, 100,ffff, 101,   0,fe00,ffff,   0,  ff, 100,   2,   2,  ff, 201,   0
 100,  fe,ff00,   1,   0,   0,ff01,fe01, 101, 1ff, 201, 101,fe00,   0,  ff, 103
   0,ff00,fe00,   1,ff00,   2,ff01, 201,   0, 101,  ff,   1,  ff,  fe,   0, 201
 1ff,   1,ff01, 100,   0, 1ff,ff00,  ff, 100, 1fe,ffff,   1,   1,ffff, 101,ff00
 1ff, 100, 101,fe01,   0,feff,  ff, 100,ff01,  fe,   0, 2ff,ffff, 302,  ff, 201
fefe,ff01,  ff,fcff,  fe, 1ff, 201, 100,ff00,   0,ffff, 4ff,   1, 201,   1,ff00
ffff,ff00,  fd,  ff,fffe, 101,  fe, 100, 100, 201,   1, 101,  fe,ff00,  ff,ffff
   0,ffff,   2,   0, 203,   0, 101,   0,  ff,ff01,fefe,   0,ff00, 100,   1,ff00
ff01,   0,   5,  ff,   2, 101,fffe,  ff,fe00,   0,fe00, 101,   1,   0,   1, 101
   2,ff00, 100,   0,ff00,   0,  fe,   1,  ff,   0,   0,  ff, 101,  ff, 101,  ff
 100,   1,   0,   1,  ff,   0,   0,   1,   1, 100,  ff,   0,   0,   0,   0,   1
ffff,ff01,   0,  ff, 101,ff01,ff00,ff00,   1, 100,   0,   0,ffff,  ff,   1,   1
 100,   0,  ff, 2ff, 100,   1, 101,   3,   0,fdff,  ff,ff02,   0,ff00,   1,fe05
  ff,ff02,   0, 1ff, 100, 1ff,  ff,  ff,ff00,ffff, 100,   2,ff00, 1fe,   0, 400
   1, 101,   0,  ff,   0,ff00,   0,fefe,   1,ffff,   0, 2ff,   1, 1ff,   0,   1
fffe,   0,   1,ff01,ffff,ff01,  fe,   0, 100,   0,   2, 100,ff02,   1,   1,ff00
   1,   0,  ff,fe00,  fe,   0,   0, 101,   2,  ff,ff01,   0, 100,   1, 102, 100
 103, 101, 201, 1ff,  fe, 1ff,ff00, 1ff,ff02, 100,   0,   1,   0,  ff,  fe,ff00
fefe,   1, 201, 1ff,  ff, 101,ff00, 100,ff01,   0,  fe,   0, 2ff,fe00,  fe,   0
  ff, 1ff,   0, 1ff,fe00,ffff,feff,   1, 200, 102, 300,   0,ff01,fffe,ff00,ff00
 2ff,fffe, 401,   0, 1ff, 100, 201,   1,ff01,   1,   0,  fd,   0,ffff,   1,fffe
 100,ff01,ff00,   0, 100,ffff, 2ff,ff01,ff00, 1fe,   2, 3ff,   0,ff01, 100,  ff
   1,fefe,ffff,ff00,   0,ff00, 100, 100, 1ff, 1fd,ff01,   2,   0,ff01,   0,ff01
   1,fe00,ffff,ff00,   0,   0, 101,ff02,  ff, 101,   0,   2,   0,   1, 100,ffff
ffff,ff00,ff00,fdff,feff, 101,   0,ffff,  fe,   0, 1ff,  fe, 101,ff01,ffff, 3ff
   1, 2ff,   1,ff00,   3,ff01,   1,ffff,ff00, 100,   1, 100,   2,   0, 101, 201
 100, 101,  ff,feff,   0,ff00,ff01,  ff,fffe,ff00,fe00,fe01,ff02,ffff, 202,   0
  fe,ff00,fffe, 100, 300,fd01,fffd,   1,fffe,   0, 100,   0, 501,fe02,ff01,   0
fe00,   2,  ff,fe00,  fd,ffff, 1fe, 100, 102,  ff,   1,  fe,feff,fe01,fdff,fffe
fd00,ffff, 1ff,ff00, 200, 204,   0,ff01, 200,   0,   1, 101,fcff, 2ff,fdfd,   0
  ff, 101,  ff,   1,ffff, 203, 101,   5,ff00,ff01,feff,  ff, 201, 100,  ff,   2
ff00, 100,   0,   0, 100,   4,   0, 102,   1, 100,ff01,fffe, 100,  ff,ff00,  fd
 100, 100, 1ff,   2, 100, 100, 100,ff02,  ff,fe01,   0,   1,   1,ff00,   0, 100
   0,ffff,   1, 1ff,   0,   0, 100, 103,ff00,   0,ff00, 100,fd01,  ff,ffff,   1
 1ff,ff00, 101,fe00, 101,fdff, 1ff,   0,   0,ff01, 100,ff00,ff00, 200,  ff, 2ff
 101, 101,   2,   1, 101,fffe, 101,ff00,fffe,ffff,fe00,   1,   3, 101,   0,ffff
 204, 100,feff, 1ff,ffff,   0, 100, 100,   4,   0,   0, 100,  fc,   0,ff00,   0
 105, 100, 3ff, 100, 100,   2, 2fe,ff00,ff00,ff00,feff,   0, 101, 1ff,ff01,  ff
ff00, 101, 101,ff00, 1fd,   0,   0,ffff,fe00,ff01,ff00,ffff,ffff,fffe,fd01,  ff
 201, 102, 200, 1ff, 100,ff01,   1,ffff,   0,   0,fe01, 100,ff00,   0,  ff,   1
 1ff, 104, 100,   1,   0,   0, 100, 100,ffff,  fe,ff00,  ff,  ff, 102,ff00, 1fd
ff00,fffd,ff00,  ff,   0,   0,   0, 1ff, 101,  fe,ff02, 100,ff00,  fa,   1,feff
 100,   2,   0,fe00,   0,ff01,fe01, 401,   0, 2fe, 1ff,ff00,ff00,fe01,   0, 102
 1ff,   3,   0,   1,  ff,ff00,  ff,  ff,  ff,fe00,fffe,   0, 100, 100, 101, 100
  ff, 101,  ff, 1ff,ff00,   1,   0, 100,   0,ff00,  fe,   0, 1ff,   1,   0,   0
   0, 301, 102,   1,fffd,ff00,  fe,   1,  ff, 1ff, 1ff,   1,  fd,ff00,  ff,ff01
ffff,ff02,   0,  ff,ff02,  ff, 102,  ff,ff00, 201,ff02, 100,ff00, 101,ff00, 1ff
fdff,ffff, 200,ff00, 402, 101,ff00, 100, 101,   1,   2,ff00,fffe, 100,fdff,   0
ff01,   0,fcff,ff00,fc01,   1,   0,ff01,ff00, 100,  ff,ff00, 101,   2,fffe,   1
fefe,  ff,   0,   0,ff00,ff01, 101, 102, 200,ffff,   0,ff01,   0,ffff,   0,fffd
   1,   0, 200, 1ff,ff00, 200,   0,  ff,   1, 101,   0,   2,ff00,   0,  ff, 1ff
   1,ffff,   1,fe00,   0,ffff,   0,   0, 101,  ff,ff02,ffff,ff00, 100,   1, 100
   1,fe00,ffff,   0,ff00,  ff,ff01, 200, 100,ff01,   0, 102,  fe,  ff, 101,fe01
 101,ff00, 100,   1, 201, 200, 100,ffff,ffff,fe00,   0,   0,ff00,fe01,   0,ff00
 100, 300,   0, 1ff,   0, 301, 101,feff,ff00,ffff,ff01,ff00,  ff,fe00,ff00, 300
fe03, 301,ff01,ff00,ffff, 100, 202,   0, 102,   0, 1ff,   1,ff00,  fe,  ff, 100
   1,   0,ff02, 100, 205,   0,   4,   0,ff00,  ff,feff,   1,ff00, 100,fe00,   0
   1,   1, 102, 101,  fe,   0,  fe, 1ff,ff00,ff00,   0,  ff,fe01,fffe,   1,   1
ff00,   0,ffff,   0,   0,   1,   1,   1, 100,   0,fe01,ff00,  ff,fffe,   0, 1ff
   0,  ff,   0, 100, 200, 1fe,   0,  ff,   0,   3,   0, 100,ff00, 1fe, 100,ff00
 1ff,  fe,   0,   0,   0,   0,   0,   0,   0,   0,   0,   0,   0,   0,   0,   0
   0,   0,   0,   0,   0,   0,   0,   0,   0,   0,   0,   0,   0,   0,   0,   0
   0,   0,   0,   0,   0,   0,   0,   0,   0,   0,   0,   0,   0,   0,   0,   0
   0,fffc,   1,   1,ffff,   0,   0,  ff,   0, 100,fe00,ff00,ff00,   0,   0,ffff
fe01,  fe,   0,   0,ff00,   1,  ff,   0, 201,   1, 201, 102, 100,ff00,fe01, 100
ff00,  ff,  ff,  ff, 100,   0, 2ff,   3,   0,ff02,ff00, 202, 100,  ff,   0,   0
 301,   0, 300,ff00,   0,  ff,fa01,  ff,fd00,fffd, 100,  ff,fe00,   1, 100,   0
   0,   1,ff00,   0, 100,  ff,fe00,  ff,ff00,  fd,   0,ff00,   1,   1, 100,ff01
   0,ffff,ffff, 100, 100,   0, 301,  ff, 2ff,ff00, 100, 1ff,fe00, 1ff,fe00,   0
   1,   0,ff01, 1ff, 101,  ff,   0,   0,  ff,ff00,   1,  ff,ff00,  fe,   0, 101
   1,   0,fe02,fffd,   1,   2, 200, 103,ff00,   0,fe01,   0, 1ff,   0, 100,   0
 101,   0, 4ff,ff02, 100, 101,ff00,ff01, 100,   1,fdff,   0,   0,ff00, 100, 1fe
   1,  ff, 101,   2,fffe,  ff,ff01,  ff, 1ff,   1,  ff, 2ff,   0, 103, 101,  ff
   0,ff00,fc00,   1,ff01, 100,   0, 1ff,  ff,  ff, 200,   1,fe00,  ff,   0,  fe
 100,   0, 1ff, 101, 101,ff01, 100,   1, 200,ffff,   1,ffff, 100, 1ff,   1, 102
 101,ff01, 100, 201, 2ff, 100, 203,ff00,fc01,  fe,fe01, 100,ff00,   2, 400,   0
 101,ff00,   0,fffe, 101, 1ff,fd00,ffff,ff00,fe01, 101,   0,fe01,   0, 1ff,ff01
 200,fe00,fe00,  ff,   1,   0, 2ff,   3,   1, 103,   0,   0, 101, 1ff,fe00,  ff
ffff,   0,   0, 100,fd00, 1fe,fe02, 1ff,ffff,   0,ff01,   0, 102,ff01,ff00,  ff
   1,  fd,fe01,fffe,  ff,   1,  ff,ffff,ff00, 1ff, 101,   2,ff00, 1ff,   0, 1ff
 100, 101,   0,  ff,   0,   0,ff00, 1ff,  ff,   0,   1,   0,  ff,ffff,  ff,   0
   1,   0, 100, 1ff, 100, 100, 201,  fd, 100,ff00,ffff, 1fe,   0, 100, 1ff, 101
   1, 1ff,   1, 1fe,ff00,fffe,fd00,   1,fe00,ff01, 100, 101, 2fe, 100,   0, 100
  ff,   1, 1ff,   0,ff01,  ff,feff,ff00, 100,ff00,  ff,ff01,   0,   2,   0,   0
   0,   0,ff00, 2fe, 1ff,   1,ff01, 101,   0, 1ff, 100, 101,   0,ffff,ffff,  ff
 301,   0, 300,   0,   0, 100,fd01, 1ff,fd02,   0,fe01,ff02,fe00,  ff,fe00, 101
 1ff, 100, 200,  fe, 100,  ff,  ff,fffe,   0, 2fe,   1, 1ff,fe00,fffd, 101,  fd
 100, 1ff, 100,  ff,   0, 2ff,fd00, 100,fb00,ff01,  fe,   0,   1, 101, 1ff,   1
 301,ff02,   1,   0, 301,ff02, 102,ff00,fdff, 100, 2ff, 102, 100,ff05,   1,ff00
ff00,   2,ffff,   1,ffff,  fd,ff01,fdfd,  ff, 102, 200,   0,fe01,  ff,fe00,   2
ff00,   0, 300,ff01, 300, 101, 100,   0, 101, 100, 100,  ff,   0,   0,  ff, 100
ff00,ff00,  ff,fffe,   0, 203,  ff,   1,   0, 101,fe00,ffff,fe01,fefc, 200,ff00
 202,fe00, 101,ff00,fe00, 300, 100,   1, 401,ff01, 100, 101, 1ff, 101,   0, 102
fc00,   1, 101, 201, 201,ff01,   0,   0,fd00, 2fe,   1, 201,   0,ff01,ff00,ff00
 100,   1, 1ff,   2,fc00,  ff,fe00,   0, 100,   1, 100, 101, 101,  ff, 300,   2
   1,   2,fe00,  ff, 301,   1, 200,ff02,fe01,  fe,feff,ffff, 201,   1, 100,ff02
fd00,ff01,fd00,  fe, 1ff, 102,fe00,  ff,fe00,fffc,  ff,ff00, 100,   0, 100, 100
ffff, 100,   0,   1,ff00,   0,  ff,ff02, 401,   2,feff, 101,   0, 101,   1, 1ff
 100, 101,feff,  ff,   0,fffe,   0, 100, 200,   3,fd01,  fc,ff01,  fd,  ff,fefd
fd00, 100,fdff, 1fe,fd01, 1ff,fe00,   0,   0,  fe, 3ff,ff02, 200,   2, 100, 1ff
  ff, 201, 2ff,   0,   0,   1,  ff,   2, 200,   1, 101, 100, 200,   0,   1,ff00
ff00,fffd,fe01,  fd,fe00,   0, 100,ff00,   1, 101,ff01,   0,  fe, 1ff,  ff,ff01
 200,ff00, 400,ff00,   0,   0,ff00,   0,ffff,ff01,  ff,   2, 100,  ff,   0,   0
 101,ff02, 101,  ff, 100, 1ff,   0,  fe, 100, 102, 1ff, 203, 1ff,  ff,feff,ffff
fdff,   0,ff01,   0, 100, 101,   1,   0, 100,   0,ff00,  fe,   0,   1, 201,fffe
 100,ffff,   0, 100, 1ff,   1, 200, 101,   0, 1fe, 1ff,ff00,ff01,  fe, 100, 1ff
 1ff,ff00,   1,   1,fe00,   1,ff01,   1, 100,ff00,ff01,   0, 3ff,   0, 300,  fe
ff00,  fe, 101,   2,fe00,ffff, 1ff,   0,ff00,ff00, 300, 100, 200,   3,ff01,  ff
  ff,ffff,ff01,ffff, 101,   2,   0,   1,ffff,   0,fe00, 1fe, 100,   0, 2ff,ff01
  ff,  ff,   1,  ff,fd01,  ff,ff00,  ff,ff01,   1, 200,fffe, 1ff,   0,  ff,   1
   0, 100,   0,   1, 100,fffd,ff00, 100,ff00,ff02,   1,   1,   1, 100,  ff,   0
 200,   1, 101,   0,ff00,ff00,   0,ff00,fd01,   0,  ff, 100, 100,ffff,ff00,   0
   0, 101,   0,  ff,ff00,   0,  ff,  ff,   0,   0, 101,   0,ff01,   0,   0, 103
 2ff,   3,ffff,   1,  ff, 100, 3ff,ffff, 500,ffff, 101,ff00,   0,   0,fc00, 100
fd00, 1ff,ff00,   0,ffff,ff00,fe01, 101, 101,   0,   0, 100,ff01,ffff,fffe,  ff
fe00,ffff,ff00,  fe,feff,   0, 1ff,  ff, 101, 101,ff00, 2ff,   1,   0,ff00,ff01
 101,  ff,feff,   0, 200,fe00,   0,ff01,ff00,ff00, 100,ff00,fe00,   0,ff01, 102
 100,ffff, 100,fffe,   0,ffff,   0,   1,  fe,   1, 101,ff06, 1ff,   2,fffe,ff01
 200,   0, 3ff,   1, 101,  ff, 2ff,   1,  ff,   1,fb02,fffe,ff00,  ff, 1ff,fd00
feff, 100,fe00, 1fd,feff,   0,ff01,   2,ffff,   0,ff00, 1ff,fe01,fffc,   1,   0
 201,   0, 1ff, 1ff,   1, 101,   0,   0,fe00,ff00, 100, 100, 101,  ff, 100,   0
  ff,   0, 1ff,  fe,fe00,  ff,   1,   0, 100,ffff, 1fe,ff00, 1ff, 100,   0,  ff
 101,   1, 100,  fd,   0,ff00,ff00, 100, 100,   0, 201,  ff, 100,   0,   0,  ff
 200, 102,feff, 100, 100, 100, 300, 102,   0,ff02, 200, 103,ffff,   0,fd01, 1ff
fe01,  fd, 101, 1ff,   0,ff00,ff01, 100,fefe, 102,   0,   1,fe00, 1fc, 100,  ff
   0, 1fe,ff00,   1,ff00,ff00,ff00, 100,   1, 1ff,  ff,ff00, 4ff, 101, 100, 101
   1,ff01, 101,   1,   0,   0,   0,   1, 100,  ff,   0,   1, 100,   0,   0, 101
   0,  ff, 200, 101, 1ff, 101,ff00,   1, 101, 1ff, 200, 101,feff,   1,   0,ffff
ff01, 100,f9ff,  fc,fc00,   0, 200,   0,   1,ff00, 601,ff01,  ff,ff01,feff,   1
ff00, 1ff,   0,  fe, 102,ff00,   1,   1,   0,fffd, 1ff, 100,ff00,   2,fc00,ff01
fc00, 100,ff00, 100, 101,   1, 100, 100, 5ff,   0, 200,fe00,ff00,feff, 2ff,ff01
 100, 100,ffff,   0,   0,  ff, 200,   2, 300, 103, 100,ff00,ff00,  ff,fffd,ff02
ff00,   2,   1,fe00, 100,ff00, 201,   0,ffff,ff01,ff00,   2, 100,   0, 3ff, 103
 1ff,   1,ff00,  ff, 100, 100,fe00,   0,ff00, 1ff,ff00,fe01,   0,   0,   2,ff01
feff,ff02,ff00,   2, 200,   5,   0,ff01,   0,ffff, 1ff, 100, 300,   0,feff,  ff
fe01, 1fd, 100,  ff,  ff,ff00, 1ff,ff01,ff01, 1ff,   0,  ff, 100, 101,   0,  fd
ffff,  ff,   0,  ff, 100,  fd,   0,   1,   0,   0,ff01, 100,ff00,  ff,ffff,  ff
   1,   0,   1,   0,ff00,  ff,  ff,   2,ffff,   1,  ff,   1,ff00, 100,ff00,  fe
   0,ff00,   0,   0,ff00, 101,ff01,   2, 201,   0,   0,   2,   1,  ff,   0,   0
 100, 202,feff, 200, 1ff,  ff, 3ff,ff00,  ff,ff01,   1,  ff,   0,  ff,   1,   0
fb00, 1ff,   0, 100, 200, 101,fe00,   0, 301,   2, 102,   1,ff01,  ff,ff00,  fe
ff01,  fe, 100,  ff, 101,ff01, 200, 1ff,ffff, 1ff,ff00,  ff,ff00,ff00,   1, 100
   1,   1,ff01, 100,ff01, 1ff,fb00,fffe,  ff,ffff, 101, 101,  ff,ff00, 501,  fe
 3ff,  ff,ff01,   0,ffff,  ff,  ff,  ff, 200, 100, 200,ff01,ff00,  fe,  ff,  fd
   0,  ff, 200, 101,fe00,   1,fc00,  fe,ff01,ffff,   1,   0,fd00,fffe, 100,ff01
 200,ff03,ff01,ff00, 402,   0, 200,fe01,   0,ffff, 1ff,ffff, 101, 101, 102,   0
 100,   1, 100,   3,ffff,   0,   0,ffff,   0,   0, 2ff,  ff, 2ff,   1,   0, 1fe
   0,   1,feff, 101,   0,   1,   0,   2,fd00,   0,fb00, 101, 1ff,ffff, 200,  ff
ffff,fffd,fe00, 1ff,fd01, 201, 100,   0, 100, 1fe, 200,ff01, 2ff,   3,fd00,   0
 100, 100, 101,   0, 101,fe02, 101,   1, 400,  ff,ff00,   1,ff00, 2ff, 400, 102
   0,fffd,  ff, 1fd,ffff,   0,ff01,   1, 100, 202,ffff,ff00,   0,   0, 1ff, 100
ffff,  fc,ff01,fffd, 100,   1, 102, 100,fd01,   2,ff01,   0,ffff,fe00,fe00, 100
   0, 200, 100, 100,ff00,   0, 200,   0, 201, 102,feff,   1, 100,  ff,ff00, 1fe
 200,   1,ff01,   0,ffff,  fe,ff01,  fe,ffff,  fd, 300, 100,  ff, 100, 1ff,   1
 1fe, 200, 100,ff00,ffff,   0,   0, 101, 100, 102,feff,   1,ffff,  fe, 100,ff01
 100,   2, 1ff, 100,  ff, 102, 100,  ff,   1,   1,ff01,  fe,ff00, 100,ffff, 101
 100,   0,fd00,   1, 200,ff02, 3ff, 102,  ff,   0,   0,ff00,  fe,   1,ff00,   1
 100,   0,ff00,ff01,ff00,   3,ff00,fffe, 100,ff00,   1,   0,ff00, 1fe, 100,ffff
 1ff,ff03,   1,   3,   1,ff00,ff00, 1fe, 2ff,   1, 200,  ff, 201, 100,   0, 100
fbff,ff00,fe00, 201, 300, 101,ff00,   0, 102,   1,   1,  fe,fe00,ffff,   0,   0
feff,fffd, 1ff,   2,fe00,   1,ff00,fefd, 201,ff02,ff00,ffff,fd01, 101,fe00,   0
 100,   2,   0,   0, 100,  fe,fc00,   1,   0,  ff, 1ff,  ff, 200,   1, 502,ff01
 100,   0,fdff,   0,  ff,ff01, 101, 100,ff01,  ff,fe00,ff00,   0,ff00,fffe, 1ff
   1,ff00, 100,   0,ff00,ff00,ffff,  ff, 100,ff01,ff00, 100, 100,   4, 200, 101
   0, 100,   1, 100,  ff, 100,ff00,  ff,  ff,   2, 2ff, 100,ff02,  ff,   0,   1
ff00,ff02, 300, 101,   0,  ff,ffff,   0, 1ff,ff00, 200,ff00,feff,fffe,feff,ff01
 101,ff00,  ff,  ff, 100,fffe,ff01,ffff,   0,ff02,ff00,   0,ff00, 202,  ff, 1ff
ff01, 100,   0,ff01, 100,fe00,   0,ffff,   1,ff00, 1fe,   2,feff,   0,feff,   0
 100,  ff, 300,fe01, 300,  ff, 100, 101, 300,ffff,fdff,fffe,fe00,  ff, 1fe,ff00
feff,  fe,ff00,   1,   0,   0,ff00,   2,ffff, 101, 101,  fe,ff01,fffe, 101,   3
 200,   2,  ff,ff00, 3ff,   1, 300,ffff, 1fe,ff01, 1ff,   1, 1ff, 101, 500,ff01
   0,   0,ff01,ff00,ff01,ff00,f8ff, 1fd,fd01,ffff, 201,ff01,fe01,  fe,  ff,ffff
  ff,   1,   1,   0, 102, 2ff,ffff, 2fe, 1ff, 101,   0, 1ff, 100, 100,fd00,   0
fd00,ff00,ffff,  ff, 100,ffff, 100,ffff,fe00,ff01,   1,  ff,fe01,  ff, 100,ff00
 3ff,fffe,   1,  ff,  fe,  fe,   0,   0, 100, 1ff, 100,  ff,ff01, 2fd,   0,  fe
fe00,   0,fd01, 1ff, 1ff,   1, 101, 100, 1ff,   1, 500,  ff, 1fe,ff00, 1ff,   1
 100,   2, 100,  fe, 1fe, 101, 100, 100,   0,   0,ffff,ff00,  fe, 101, 100,ff00
   0, 100, 100,   1,ff00,   1,   0,   0, 100,   0,   1,ff00, 201, 100,   0,   0
fb00,  ff,fd00,   2, 100,ff00,ff00, 1ff, 400,   0, 2ff,ff01, 1ff,   0,fffe,  ff
  ff,ff00, 101,   0,fe00, 101, 100,fe01, 2ff,   4,   1,ff00,fd02, 100,feff,  fe
 500,   1, 500,ff01,   0, 1fe,fd01, 1ff,fd00,   0,   0, 1ff,   1, 200, 201,   0
 100,ffff,ffff,  fe, 101,   0,ff01,fffd,fe01,  fe,fe00,  ff, 1ff,   4,  ff,   2
 100,   4,  ff,   0, 101,ff00,   0,   1,   0,   0, 100,   0,ff01,   0,   0,   0
ff01,  fe,ff00, 1fe,   0, 100,ff00,ffff,   0,ffff,ff00,   0,ff01, 101,   0,ff01
ffff, 100, 2ff,   4,  ff,ff00, 100, 101, 400,ffff, 300,ff01,ff00,  fe,fe01,   0
 101,   1,ff02, 1ff,ff00,fffe, 1ff,   1,feff,  ff,feff, 100,  ff,  ff,   0,  ff
   0,fffe,ff00,ffff,   0,   3,ff00, 101,ff01,   0,   2,   1,  ff,   1, 1ff,ff01
 1fe,fffe,fd00,fe00, 101, 2ff,   0,ff01,   0, 100,ff01,fd00,ff01,ffff,fefd,   0
ff01,   2,   0,   0,   0,   0,   0,   0,   0,   0,   0,   0,   0,   0,   0,   0
   0,   0,   0,   0,   0,   0,   0,   0,   0,   0,   0,   0,   0,   0,   0,   0
   0,   0,   0,   0,   0,   0,   0,   0,   0,   0,   0,   0,   0,   0,   0,   0
 102, 100,ff00,  fe,   1,   0,ff00,  ff, 101,feff,   1,ffff,feff,   1, 1ff,  fe
 201,ff01, 101, 1ff,fe02,  fe,ff00,   1,  fe, 100,ff01, 100,ff00,ff02, 100,   0
  ff,ff00, 101, 101, 101,fd01, 1fe,  ff,   2,fffe,fffd, 1ff,ff01, 101, 1ff, 202
   2,ff01,  ff,ffff,ffff,   1,   1, 101,ffff,  ff,ffff, 1fe, 302,ffff, 1fe, 100
   0,   1, 102,  fe,ff00,fe01, 1ff, 1fe,fe01,ff01, 2ff,fe01, 101, 2ff,ffff,   2
 1fe,fefe,   1, 102,fffe,ff00, 1ff, 1ff,fd02, 101,fe02,   1,feff, 3fe,ffff,   1
 1fe, 1ff,ff01,ff01,fe01,ffff,   2,ff01,ff00,   0, 101,   0,ff01,ffff,  ff, 1fe
 101, 100,   2, 1fe,ffff,fd00,fd00,  ff,  ff,   1,   1,   1,fefe, 300,   1,   1
ffff,fe01,ff01,   0, 2ff,  fe,   1,fe01,ff01,   0,ff00,   1, 102, 101,  ff,feff
  ff,   2,ff02, 100, 1fe,ff00,  ff, 102,fe01,fe00,  ff, 101,fffe,fe02,feff, 201
ff01,   1,   0,ff02, 102,ffff,   0,   0,fffe, 201, 101,   2,ffff, 1fe, 2fe,fe01
ff01, 100,fcfe,ff00,ff00,ff01,  ff,ffff,fe01,ff02, 1ff,   1, 102, 100,  ff,ff00
fe00,fe00, 2fe,fefe,ffff, 201, 1ff,ffff, 201,   1,  fe,ff01,  fe,fe00,ff00,feff
 100,ff02,ff01,fe02, 201, 1ff,fe01,ff00, 2ff,fffe,   2,fffe,   0,   2,  ff, 1fe
 100, 100,ff02,fe00, 1ff,  ff,fe01, 1ff,fe01,fffe, 100,   0, 102, 102, 101, 2fe
fe00, 100,   0,ff01, 1fe,ff01, 102,   1,fe01,fffe,feff, 302,  ff,fe00,ff01, 1fe
  ff,ff01,   1,   0,ff00,  ff,fe01,   2, 201,fe00, 2ff, 201,ff00, 202, 201, 101
fe00,  fe,fe02,ff01,   2, 200, 1fe, 202, 101,   0,feff,ff02,  ff,ff01,fe00, 100
 3ff, 1ff, 101, 200,fe02, 101, 302, 101,  ff,  ff,ff00, 2ff,   2,   0,   1, 1ff
 100,   1,  fe,ffff, 200, 103,   1, 1fe,fe00,  ff, 1fe, 200,fffd, 1fe,   0,fe00
  fe,  fe,   0,   2, 1ff,ff02,   1, 100, 102,   0, 1ff,ffff,ffff,   0, 200,ff00
 200, 100, 100,ff01,   1,   0, 100,ff01,ff01, 2ff,   1,fe02,   1,   0, 2fe,   0
 101,   0,  ff,ffff,ffff, 300,   0, 1ff,   0,ffff, 203, 1ff, 100,ff01, 2ff, 102
ffff,feff, 1ff, 300, 102,fe01,ff02, 1fe, 100,fffe,feff,fe02, 1fe, 101, 200,  ff
 2ff, 100,  fe, 2ff,  ff,   0, 2ff,fe01, 200,ff00, 100,   0,ff00,ff01,ff00,ff01
ff01, 101,  fe, 100, 200, 201,  fe,   0, 1ff,  fe, 2fe, 102, 201,feff,fffe,ff02
 100, 1fd, 2ff, 101,  ff,   3,  ff,ffff, 1ff, 1fe,fe00,   2,feff,   0,fe00,ff00
   2, 1fe,fffe,ffff,fd02,ff00,fe01, 1ff, 1fe, 101,   1,ff00, 1ff,   0, 200, 200
feff,   0,ff02,feff, 202,fe01,ff00,fe01,   0,   1, 100, 200,   0, 100,   0,fe01
ff00, 2ff, 100,fffe,ff01, 202, 2fe,fd01,   2,fe00,feff,fe01,   0,ff01,   0, 102
 1ff, 1ff, 103, 201,fefe,fd02,  fe,ff02,ffff,feff, 100,ffff,ff00, 1ff,fe01, 2fe
   0,ff00,ff01, 1fe,fffd, 2ff,fe00,   0,fefe,fe01, 3fe,ff01, 1ff, 201, 201, 100
  ff,   0,   0, 1fe, 200,ff02, 200,  ff,ffff, 2ff, 102,ffff,ff01,ff01, 103,feff
   1,ff00,ff01,   1,ff02,ff01, 100, 100, 102, 200,  fe, 1ff,  ff, 100,  ff,fe00
  fe,fe00,fe02, 301, 2fe, 201, 1ff,ffff, 301,ff00,   1,fe01,   1,ff01,ff01,ff02
 1ff,fefe,   0,fe00,   2, 100,  fe,feff,ff01, 201,fffe,   1,fe01,   0,   1, 101
 1ff,fe01,ffff,   0,ff00,feff,  ff,   2,fefe, 2fe, 2ff,ff00,fffe,  ff,   1, 101
ff00,   0,ff02,fe00,feff, 1fe, 1ff,  ff, 2ff,fd02,ffff, 101, 100, 200,feff, 1ff
 202, 100,  ff,   1,ffff,   2, 103,ff03, 1ff, 200, 100, 200, 101,ff00, 102,fe00
 100,ff01,fffe,fffe,fe00,fefe, 100,fefe,fffe,ffff,ff00,  fe,fdff,   0, 1fe, 100
   2,   0, 3ff,   0,   2, 100,ff01,fffe, 1fd,   0,fe00,ff02, 2fd,  fe, 1fd,ff02
ff01,fe01,  ff, 1fe,fefe,  fe, 2ff,  ff,   1,ff00,  fe, 101,ff01, 200,   1,ff00
ff02, 2fe, 102, 200,fffd, 1ff,   1,ff02,feff,  ff,   2,ffff,fe02, 202, 1fe, 2ff
  ff, 100,  fe, 201,fffe,ff00, 100,ffff,ffff, 1ff, 202,   0,ff01, 102, 200, 100
   1,fffe, 201,  ff,  ff,fdff,   1,  ff, 1fe,fe02,ff02,feff,fdff, 2ff,  fe,fffe
 100,  ff,ff00, 1ff, 2ff, 200, 100, 100, 2fe,   0, 1ff, 102,   1,ff01, 1ff,   1
ff01, 200, 3ff, 200,ffff,ffff, 102, 2ff,fffe,ffff, 1ff,ff01, 101, 200, 300,ff02
 2ff, 100, 100,fdff,ff02,  ff, 102,ffff, 103, 101,   1,   1,  ff, 2ff,   2, 1fe
fe02,fe00, 103, 101, 101,  fe,fffe, 100,   1, 201, 2ff,ff01, 201,fdfe,ff02, 1ff
  ff,fefe,fe00,   1, 202, 102, 101,fffe, 1ff,  ff,fe01, 2ff, 102,   1, 201,fe01
  ff,ff01, 1ff,  fe,   1, 100,  ff,ff02, 200, 1ff,  ff,ff00,ff01, 102,   0,  ff
fefe,   0, 1fe,ff01,feff, 202,fffd,fe03, 200, 1ff, 301,fe02,   0,   3,  fe, 1ff
 101,ff00,fffe,ff00,ff01, 200,ff01, 2ff, 1fe,   1,   0,ff01,  fe, 202,fffe, 1ff
 1ff, 1fe,   0, 1fd,  fe, 102, 2fd, 100, 102,fe02,  fe,ff02,   0, 1fe,   2, 1fe
fefe,ffff, 200,   1,ff02, 101, 202,  fe, 102, 202, 101,fffe, 201,fe00, 102, 201
 101,ffff, 100,   1,  ff,  fd, 101,   0,fe01, 101,ff00,ff01,  ff,   0,   0,  fe
ff00,feff,feff, 1ff, 102, 100,  fe,   1,   0, 102,   0,   0,fe00, 1fe, 100, 2ff
ff03,   1,fe00,ff02, 1ff,ff01,ffff,ff01, 1fe,ffff,   0,fe00,ff01, 2ff, 1ff,  ff
 301, 102,   0,  ff,ff01,ff03, 102,feff,  fe, 1ff, 200,  ff,   0,fd01,   0, 201
 2ff,ff01,fffe,ff00,fe01,ff00, 1ff, 200,fe01,fd01,fe01, 1ff,ff00,   0,  ff,   0
ffff, 2ff,fe00,fd01, 201,ff01,   0, 100,  ff,fdff,  ff,   1,ff01,fe01, 101, 102
 100, 100,  ff,ffff,   1,   0,ff00, 3ff,fe01,   0,ff01, 101,ffff,  ff,ffff,fefe
ff02, 101, 200, 100,   1,fe02, 100, 200, 2ff,ff01, 200, 101,  fe, 2ff,fe01,ff00
   1, 102,ff02,  fe, 100,   1,ffff,   2,fe01, 201, 301,  fe, 2fe,ff02,  fe, 101
fe00, 102, 1fe,   1,ffff,ffff, 101,   2, 1ff,ffff, 101,   1, 1ff,   0, 3fe,ffff
 100,ff02,ffff, 2ff, 200, 1ff, 1ff,   0,ff01, 100, 1ff, 201,   1, 303,  ff,   1
   2,  ff, 1ff,  ff, 3ff,   3,fd01,   0,fffe,  ff, 1fe,  ff,  ff,  ff, 101,ff00
 2ff,fffd, 201,feff,   1,fffe,  fe,  ff,   0, 101,fe01,  fe,  fe,   0, 1ff,   1
 1ff,   1, 300,   1, 100,fe02,feff,   1,   3, 101,   1,fe00,   0,  fe,  ff,ff01
 102,fdff,ff00,fd01,ff00,ffff, 2ff, 202,ff02, 100,   0, 102,fefe, 1ff,ff02, 1fe
fe01, 101, 200,ff00,fe01,feff,ff01, 1ff,ff01, 200,ff01, 1ff,ffff,  ff,   0,  ff
ff00, 2fe,  fe,  fe,   1,ff00, 101, 201,ffff,ffff,fe01,ff00,ff00,   1,   0,ff01
  ff,fdfe, 1ff, 2ff,   1,fffe, 101,   1,   1, 301, 100, 101,ff01,  ff, 200,  fe
   2,fe01, 2fe,  ff,   0, 2ff,  ff,ff00,  fe, 200, 200,ff00, 1fe,fffe,   1,   2
 101,ffff, 2fe,   2,   0, 1fe,fffe,ff01,fe01, 100, 101,fe00,   0,   2, 2ff,   2
   1, 1ff,fffe, 101, 1ff, 100, 2fe, 202,ffff,  ff,   0,  fe,feff,   1,fffe, 2fe
 102,   3,fe01,fefe, 1ff,ff00,ff00, 102,   2,ff01,   0, 2ff, 200,feff, 1fe,fd00
ff00,ff01,fd02,fffe,fefe, 101, 3fe,   2, 201,ff00,  ff, 201,ff01, 200, 101, 201
 101, 101, 103, 1ff, 3fe,fdff, 301,   1, 2fe,ff01,ffff, 1ff, 1fe,fd01,  fe, 1fe
 2ff,   1,  ff, 102,ffff, 2ff,ff02, 100,  fe, 2ff,  fd,  ff,fe02, 2ff,ff00, 101
 102, 202,fe01,ffff,ff01,   1, 101,fffe, 200,fffd,ffff, 102,   1,  ff, 201, 1ff
  ff, 1fd,   1, 100, 200, 102, 201,  fe, 1ff, 2fe, 1ff,ff01, 101, 1ff,fd01,fd00
feff,fefe,ff01,ff00,fe02, 1ff, 100, 2fe,ff00,   1,feff,fe01,fffe,   1,fffe, 102
 100,fe01,fefe,ffff,   1, 201,fe01,  ff,   2,  ff, 1fe, 1ff,fffe,fdff,ff02, 1ff
fd00, 303, 100,ff02, 201,   0,ff02,   1, 200, 1ff,   0,   0,fdfe,   0, 202, 101
feff, 201, 101, 200, 302, 201, 100,ff00,fe00,  ff, 102,ff01,ff00,ff00, 102, 201
fffe,  ff, 100,   0,   0, 100,fe02,fefd,fe01, 202, 1fe,ff00, 1ff, 100,feff,ffff
ff02,  ff,  ff, 1fd,   3,  ff,fe01, 101,   1, 100, 1ff, 1fe, 100,ff02, 1ff,  fd
ff01, 100, 101,fe00,ffff,fefd, 101,ff00, 1ff, 200,fffe, 1fd,  fe, 101, 102, 101
 101,fffe,  ff,  fe, 101, 1fe, 100,   2, 201, 201,ff00,   1,   0, 2ff,   1,fe00
 1ff,fd02,fe00,fefe, 101,feff, 200,feff,ff01,fffe, 102, 1ff,ff01,fd01,   1, 1ff
ff00, 200,ffff, 201,ff00,   0,   2,  ff, 1fe, 202,ffff, 102,   2,   2,   1,ffff
 1ff,fffe,  fe, 101,fffe,fe01, 102, 100, 2ff,   0,ff01,feff,   0,  ff,fffe, 101
 101, 1fd,ff02,ff01, 101,ffff,ffff, 2ff, 101,  ff,ff01,feff,ffff,ff00, 200, 1fe
   2, 2fe,  fe,ffff,fd01,  ff,ffff,feff,  fe,   0,ff00, 100,fe02,ffff,fe00,   0
ff00,ff00,ff03,fe03,fe00,fdfe, 1ff, 101, 202, 100, 101,  fe, 102,ffff,fd01, 101
fffe, 1ff, 101,fefe,  ff,ff01, 201, 3ff, 200,   0,   2, 201, 100,   0, 102,ff02
  fe,ff01,ff02,ff00,   1,   0, 202,fffe, 100,ff01,   1, 201,  ff,   1,   2, 102
 102, 1fe,ff01, 101,ffff,fd00,ffff,   1,fefe, 201,   1,  ff,   0,fe01,   1,  fe
 2ff,fe02,feff,  fe,fe01, 100, 101,ff01, 3fe,fffc, 1fe,   2, 301, 1fe, 1ff, 100
 1ff, 402, 103, 202,fd04,  fd,fe02,ffff, 1fd, 1fd, 201, 400,fdfe,ff03,fd03, 3fd
   0, 302, 1fe, 100, 104, 4ff, 204, 101,feff, 401, 3fe, 1ff, 3fc, 101,ff03,   0
fe00, 1ff, 200, 202,fe03, 204,fd02,fe00,fe03,ff03, 1fd,fcff, 202,  ff,  ff,fd00
 302,ff03,ff01,fd00,  fd, 403, 2fe, 4ff,fd03,ffff, 200, 3fd,   3,fd01,  ff,ff01
  ff, 2fd,ffff,fd01,ff00, 2ff,fe00,ff03,fe01,  fd, 300,   0,fe02,ffff,fe00,ffff
 3fe,   1,fe01, 2fe,fefe,fdff,fe00,   1,fe02,ff01, 202,fefe,  fd,   0,feff,feff
  fd,fffe, 104,ff02, 2fe,fefd, 202,  ff, 1fe,ff01,fe01,  fb, 201,fe00,fe02, 3ff
 2ff, 103,fd00, 100, 200,ff01, 3fe,   3,fc00, 2ff, 301,fcff,feff, 203,ffff,   3
fdff,ff00,feff,fc01,ff03,fd00, 3ff,  fc,ff00,ff03,  ff,   2,   0, 100,fcff, 200
fd01,fd03,fefd,fd03,fe03,feff,ffff, 1fe,   0,fefc,fffd,fe00,  fe, 2fe, 101, 2fd
 100,  fb, 4ff, 301,  fd,fdff,fdfe, 4ff, 2ff, 200, 1ff,fffc,fdff,  fe,fe03,fc03
 1ff,fdff,ff00,fd00, 1fe,  fd, 202, 200,ff02,fcff, 1ff,  fd,fffc, 200, 300, 2fe
 300, 101,fd01,fffc, 302,ff02,ff01, 4ff,   2,  fe, 1fe, 103,fffd, 2fe,   0, 2ff
 2fc, 4fd,   4,ff00,fe04, 101, 201, 3fe, 104,  ff,ff01,   4,ff03,fc01,  fd,   0
 4ff,fe01, 203, 100, 503,fe05,fffd,ff01,  ff, 1fe,ff00,fd03,   1, 1fe,fe02,fdfe
fd01,feff,ff02, 201, 102,fc01, 2ff,fdfe,fe00, 200, 5ff, 1ff,   4,fe03,  ff, 101
   0,ff00,fdff, 1fc,fcff,ff02,   0,ff01, 1ff, 100,   2, 201,fe01,feff,fd01, 303
ff02,   4,ff01,fe00, 200,fc01, 301,fefc,   2, 1ff,ff02, 3fe,fc00,  ff,   1, 1fe
  fc, 1ff, 7fa, 103, 100,fdff,ff00,   0,   0,   0,   0,   0,   0,   0,   0,   0
   0,   0,   0,   0,   0,   0,   0,   0,   0,   0,   0,   0,   0,   0,   0,   0
   0,   0,   0,   0,   0,   0,   0,   0,   0,   0,   0,   0,   0,   0,   0,   0
   0,   0,   0,   0,   0,   0,   0,   0,   0,   0,   0,   0,   0,   0,   0,   0
   0,   0,   0,   0,   0,   0,   0,   0,   0,   0,   0,   0,   0,   0,   0,   0
   0,   0,   0,   0,   0,   0,   0,   0,   0,   0,   0,   0,   0,   0,   0,   0
   0,   0,   0,   0,   0,   0,   0,   0,   0,   0,   0,   0,   0,   0,   0,   0
   0,   0,   0,   0,   0,   0,   0,   0,   0,   0,   0,   0,   0,   0,   0,   0
   0,   0,   0,   0,   0,   0,   0,   0,   0,   0,   0,   0,   0,   0,   0,   0
   0,   0,   0,   0,   0,   0,   0,   0,   0,   0,   0,   0,   0,   0,   0,   0
